id,name,latitude,longitude
251691532,NBCC Bus Stop,28.4948695,77.1515107
266377985,Vasant Kunj Sector A,28.5114719,77.1666504
271335712,Unnamed Stop,28.4899689,77.1397693
271335922,Chhattarpur Metro Station,28.5078802,77.1757342
277420405,Unnamed Stop,28.6291636,77.3172214
277420532,Fire Station Dallupura,28.605103,77.3229238
277792585,Unnamed Stop,28.6201254,77.3209254
277793689,New Manglapuri,28.5013616,77.1665008
315999030,Hyatt Hotel,28.5701755,77.1857192
316376861,Moti Bagh (Rao Tula Ram Marg),28.5778787,77.1741797
355435748,Sujan Singh Park,28.5992513,77.2284177
418813005,Unnamed Stop,28.5998546,77.0715009
496457123,Indraprastha Depot,28.6201278,77.2488411
496457125,Unnamed Stop,28.6262307,77.2471136
496457144,Vijay Ghat,28.6577055,77.2449058
496457148,Unnamed Stop,28.6649507,77.2352542
496712234,Budh Pur,28.7816996,77.1410657
544371043,Khirki Village,28.5302569,77.2183932
566993158,Godavari Bus Stop,28.5461287,77.1656102
566993159,Sabarmati Bus Stop,28.5450353,77.164358
566993161,School of International Studies,28.5376838,77.1667098
566993162,Poorvanchal Hostel,28.5343811,77.1698426
566993164,JNU Quarters / Ganga Hostel Bus Stop,28.5493627,77.1682489
600644824,Unnamed Stop,28.6778201,77.1079266
600646116,Unnamed Stop,28.6687735,77.1027596
602466566,Unnamed Stop,28.5957731,77.071922
724828609,DDA Booster Pump Station,28.5716299,77.0528781
724828739,"Sector 19,20 Xing",28.5765298,77.0570594
724828874,Sector 18,28.5845225,77.0465509
725877998,Government Press,28.6344847,77.1275013
762031681,Unnamed Stop,28.7960727,77.0359206
762031682,Unnamed Stop,28.7976522,77.0352983
762031684,Unnamed Stop,28.7944273,77.0302075
762031827,Bawana Main bus stop,28.8000027,77.0355773
910451189,Ashram,28.5715054,77.2588482
928565725,Long Distance Bus Kullu Manali,28.6241686,77.2190178
938372588,New Delhi Railway Station,28.6410131,77.218765
938547549,Kashmiri Gate ISBT,28.6695174,77.2321699
971653361,Baroda House,28.6174949,77.228543
993723518,Sector 10 DTC bust stop,28.5898321,77.0565582
1014265962,DA Block,28.7223939,77.1543091
1014349372,BH Block,28.7147354,77.1572729
1116431440,Sarojini Nagar Depot,28.5749519,77.1897922
1431206523,Majnu Ka Tila,28.6965878,77.225518
1658772713,Unnamed Stop,28.5398827,77.2484915
1667599196,Sector- 6,28.5911287,77.0694234
1694776065,PT College (Kotla),28.5698041,77.2265643
1772983135,Khaira Moad Bus Stop,28.6110007,76.9748228
1772985295,Dhansa Moad Bus Stop,28.6116506,76.9784711
1772986163,Najafgarh Bahardurgarh Bus Stop,28.6134773,76.9795655
1772987144,Najafgarh Nangloi Bus Stop,28.6174622,76.9839643
1772987605,Delhi Gate Bus Stop,28.6126939,76.9862671
1772987697,Chara Mandi Bus Stop,28.6126066,76.9909217
1773289236,Sai Baba Mandir,28.6138639,77.0005506
1773297182,Delhi Jal Board,28.6128122,76.9955956
1776086919,Chawwla Bus Stand,28.6071014,76.9860206
1776125945,Unnamed Stop,28.6142306,76.9852359
1800779891,Lajpat Nagar Ring Road,28.565744,77.2485897
1809993846,Mitraon Bus Stop,28.6086366,76.9455171
1809993852,DESU Mitraon,28.6083305,76.9515352
1809993858,DESU Mitraon,28.6080856,76.951165
1809993861,Mitraon Bus Stop,28.6081939,76.9449531
1810006799,Surhera Moad Bus Stand,28.6044357,76.9323145
1810006800,Surhera Moad Bus Stop,28.6041248,76.931998
1810006802,Mitraon School,28.6069365,76.9396047
1810006804,Mitraon School,28.6070401,76.9393472
1810021531,Rawata Mor,28.6000603,76.9158725
1810021534,Jaffar Pur Hospital Bus Stand,28.5951101,76.9154753
1810021542,Jaffar Pur hospital,28.5954356,76.9154171
1810021549,Rawata Mor,28.6000603,76.9155078
1810021557,Rawata Mor,28.6004088,76.9159584
1810068996,Ujwa Bus Stop,28.5707326,76.9072626
1810069018,Darya Pur Moad Bus Stand,28.5524516,76.9076543
1810069024,Ujwa Bus Stop,28.5703321,76.907386
1810069038,Samash Pur Bus Stop,28.5788214,76.9099341
1811078881,Malik Pur Bus Stand,28.5524819,76.9026482
1811078882,Darya Pur Bus Stand,28.5518979,76.9102654
1812182211,Ujwa School,28.5733705,76.9081919
1835811101,Jaitpur Mor,28.4982909,77.3022912
2102480281,The Mother's International School,28.5400808,77.1994278
2201262404,Veer Apartment,28.7234537,77.1249399
2389532102,Lodhi Estate,28.5965526,77.223255
2578295201,Jawaharlal Nehru Stadium,28.58383,77.2298566
2578295203,Jawaharlal Nehru Stadium,28.5839019,77.2301396
2921967701,C2 Keshav Puram,28.6870911,77.153914
2969367314,Rosewood Apartments,28.5974802,77.2954144
2995770834,Rama Krishna Puram Sector 2,28.5616647,77.1881852
2995771114,Rama Krishna Puram Sector 2,28.56164,77.1884843
2995783609,Mohamad Pur,28.5648761,77.1888413
2995783610,Mohamad Pur,28.564958,77.1891432
2995794883,Bhikaji Cama Place,28.5678934,77.1892293
2995794884,Bhikaji Cama Place,28.5680136,77.1895808
3004653893,Unnamed Stop,28.6721681,77.256993
3004653895,Unnamed Stop,28.6726572,77.2571479
3012220510,Siraspur Bus Stand,28.7596174,77.1311827
3067826441,"Shakarpur School Block, S-3",28.6269787,77.2795114
3067830698,"Shakarpur School Block, S-3",28.6273966,77.2793076
3144938504,German Embassy New Delhi,28.5898166,77.1866958
3144938680,German Embassy New Delhi,28.5894491,77.1867307
3179612323,Nelson Mandela Marg Crossing,28.5520328,77.1655331
3179612675,Nelson Mandela Marg Crossing,28.5523744,77.1651068
3179612688,Vasant Vihar CPWD,28.5534512,77.165238
3258161065,Unnamed Stop,28.6562228,77.2366089
3268564742,Old Delhi Railway Station,28.6600738,77.2273592
3268564743,Old Delhi Railway Station,28.6604274,77.2258278
3377844011,NSIC,28.5516595,77.2639124
3377844012,Unnamed Stop,28.5513815,77.2638078
3377844013,Unnamed Stop,28.5512543,77.2637622
3394398798,Tara Apartment,28.5238928,77.2548782
3424256952,Sujan Singh Park,28.6008214,77.2288143
3476229966,Godavari Bus Stop,28.545952,77.1656263
3476230168,Kathuria Public School,28.5305211,77.1466514
3661703914,Himachal Private Bus Stand,28.7038271,77.2278239
3731270143,Anand Lok,28.5584961,77.218337
3744502768,Barakhamba Metro Station,28.6293802,77.2253066
3744502773,Unnamed Stop,28.6305544,77.2237775
3744528116,Mandi House,28.6258076,77.2343148
4123579689,Hauz Khas,28.5530725,77.205277
4123579789,"Saket, A-Block",28.528163,77.2048771
4123579889,"Saket, M-Block",28.5288201,77.2150489
4125389689,Palika Kendra,28.6285458,77.2168372
4133873655,Green Park,28.5574366,77.2068979
4212600961,Kapashera Border,28.5214319,77.0819265
4233041566,RK Puram Sector-4,28.5629226,77.178416
4346910257,Mahindra Park,28.684056,77.1359245
4346910258,Raja Park,28.6836007,77.1338377
4346910259,Unnamed Stop,28.6884479,77.1352807
4367412192,Kali Piyao,28.6280308,76.9674086
4435647397,Vijaylakshmi Apartment,28.6289427,77.3090275
4435663161,Unnamed Stop,28.6341112,77.3047963
4435680706,Parivar Apartments,28.6266758,77.3093523
4435680707,Ras Vihar,28.6251199,77.3046777
4435711092,Saraswati Kunj,28.6237803,77.3014034
4436578088,Hasanpur Depot,28.6361344,77.3072682
4439250989,Anand Vihar ISBT,28.6467533,77.3180037
4439250990,Unnamed Stop,28.6441369,77.3169952
4439250991,Unnamed Stop,28.6416841,77.3160806
4439725381,Ras Vihar,28.6252079,77.3056649
4439725382,Parivar Apartments,28.6265192,77.3094871
4440796915,Kasturba Gandhi Marg Crossing,28.6232936,77.2261737
4440796916,Tilak Bridge,28.6254847,77.2394625
4440796921,Rainy Well,28.6282644,77.2606262
4441079169,"Shakarpur School Block, S-1",28.6295179,77.2772637
4441079170,"Shakarpur School Block, S-1",28.6291956,77.2772809
4441079171,Ganesh Nagar,28.6210008,77.2852791
4441079172,Mother Dairy,28.6191275,77.2863895
4441079173,Mother Dairy,28.6193413,77.2882635
4441079174,Mother Dairy,28.6189455,77.2878996
4441079175,Dharma Apartments,28.6201493,77.2901434
4441365357,Vijaylakshmi Apartment,28.6288447,77.3089093
4441365359,Mother Dairy,28.6195351,77.28589
4441662176,Anand Vihar,28.6450452,77.3168791
4444470082,Delhi Secretariat,28.6282507,77.2513423
4444470083,Laxmi Nagar,28.6308853,77.2778923
4444470084,Shakarpur,28.6333607,77.2820067
4444470085,Shakarpur Crossing,28.6352655,77.284891
4444470088,Nirman Vihar,28.6369756,77.2872631
4444470489,Swasthya Vihar,28.6386642,77.2905191
4444470490,Swasthya Vihar,28.6391176,77.2920442
4483464893,Malviya Nagar,28.5353996,77.2085318
4483606889,Anupam Cinema,28.5250756,77.2058589
4570370477,Tughlakabad,28.5092072,77.2652749
4574632989,Unnamed Stop,28.6438892,77.1387433
4595766394,Sadar Bazar,28.5955202,77.1226813
4716421017,G.T.B Road,28.6810123,77.3132897
4716422482,Unnamed Stop,28.6806759,77.3135847
4716425492,G.T.B Hospital,28.6845602,77.3110775
4716426896,Bus Stop,28.6811718,77.3136364
4776237925,Dhaula Kuan,28.5927254,77.1638115
4776237926,Dhaula Kuan,28.5926433,77.163669
4776237927,Dhaula Kuan,28.5925475,77.1634839
4776237928,Dhaula Kuan,28.5924954,77.163386
4795457021,Unnamed Stop,28.6083582,77.2303101
4814565621,South Moti Bagh,28.581886,77.1742758
4819415322,All India Institute of Medical Sciences,28.5688666,77.2136516
4819437421,Bikaji Cama Place,28.5697351,77.1861629
4819437821,Hyatt Hotel,28.5701546,77.1858959
4819437822,Raj Nagar,28.5698951,77.2025206
4819437823,Safdarjung Hospital,28.5697575,77.2046091
4823534021,Samalkha,28.5345373,77.090324
4823534421,Samalkha,28.5342563,77.0902888
4823534422,Samalkha,28.5335023,77.0897876
4823534423,Samalkha Crossing,28.5379911,77.0933153
4823534424,Samalkha Crossing,28.5374796,77.0922095
4823534821,Samalkha Village,28.533557,77.0896948
4823534823,Mahipalpur,28.546763,77.1247808
4838670426,Pragati Maidan (Gate No. 5),28.6179177,77.2404376
5006266345,Nalanda,28.5464924,77.1831361
5006266346,Hospital,28.5455292,77.1881723
5006266355,IRD,28.5444734,77.1927734
5006266356,IDDC,28.5441328,77.1925741
5026495352,Andrews Ganj,28.5660085,77.2305402
5026495354,Uday Park,28.559198,77.2193637
5026495355,Niti Bagh,28.5579007,77.2175785
5026495356,Padmini Enclave,28.5491087,77.2033291
5026495358,IIT Gate,28.5460849,77.2020479
5026495359,IIT Gate,28.5459371,77.1970279
5026495360,Jia Sarai,28.548224,77.1890476
5026495366,IIT Hostel,28.5500106,77.1856157
5026495367,IIT Hostel,28.5497308,77.1854299
5026495368,Sarvapriya Vihar,28.5438464,77.2067428
5040262138,IIT Gate,28.5460957,77.1956572
5040262152,Kailash,28.5440954,77.1959545
5041102109,Kailash,28.5441656,77.1960057
5057771553,Himadri,28.5448637,77.1974324
5057771554,East Avenue,28.5443666,77.1997484
5068213689,Statesman House,28.6301975,77.2238456
5116049265,Soami Nagar,28.5421264,77.2247134
5120631337,Soami Nagar,28.5423443,77.2247968
5120631342,Krishi Vihar,28.5469762,77.2295593
5120631343,Siri Fort Road Crossing,28.553116,77.2279531
5120631344,Unnamed Stop,28.5534848,77.2283894
5120631346,Sadiq Nagar,28.5562576,77.229145
5120631350,Central School,28.5628434,77.232834
5120631351,MCKR Hospital,28.5692451,77.2356462
5120631354,Moolchand Hospital,28.5655585,77.2357627
5120631359,Unnamed Stop,28.5651899,77.24259
5121928122,Maharani Bagh,28.5767413,77.2645157
5121928123,Maharani Bagh,28.5762471,77.2644626
5121928125,Gurudwara Bala Sahib,28.581205,77.2659115
5121928128,Sarai Kale Khan,28.5870245,77.2590912
5121928130,Sarai Kale Khan ISBT,28.5905995,77.2578836
5122054862,Unnamed Stop,28.6455968,77.3004172
5122127029,National Stadium,28.6105912,77.2401833
5122127030,Zoo,28.6084393,77.2402124
5122127034,Sunder Nagar,28.6020587,77.2406879
5122127035,Delhi Public School,28.5988746,77.2408464
5122127037,Amir Khusro Park (Oberoi Hotel),28.5963552,77.2406975
5133195773,Panchsheel Enclave,28.5432392,77.2135555
5133195774,Sadhna Enclave,28.5429819,77.2163372
5133195776,Unnamed Stop,28.5428754,77.218587
5133508410,Jia Sarai,28.5486172,77.1891606
5133508411,Sarvapriya Vihar,28.5439542,77.205316
5133508412,Sarvapriya Vihar,28.5439776,77.2051631
5134453880,Malai Mandir,28.5678589,77.1648838
5134453882,Vasant Vihar,28.5629285,77.1677782
5134453885,Vasant Vihar Depot,28.5582746,77.1721263
5134453887,Munirka/Family Planning Association of India,28.5566845,77.1742786
5134453889,DDA Flats Munirka,28.5553188,77.1764549
5134453891,DDA Flats Munirka,28.553684,77.1789758
5134453893,Institute of Secretariat Training and Management,28.5527422,77.1811185
5134453894,Institute of Secretariat Training and Management,28.5521944,77.1811125
5137961055,South Moti Bagh,28.5773639,77.1736829
5137961059,Moti Bagh - I,28.5800352,77.1787373
5137961062,Moti Bagh - I,28.5803496,77.180287
5137961063,Moti Bagh - I,28.5812919,77.1816034
5137961066,Rail Museum,28.5869295,77.1852281
5137961069,Rail Museum,28.5872076,77.1855505
5137961076,USSR Embassy,28.5924685,77.1882855
5137961077,USSR Embassy,28.5925382,77.1881082
5137961080,British Embassy,28.5983399,77.1913151
5137961082,British Embassy,28.5984435,77.191139
5137961084,China Embassy,28.6008563,77.1925756
5137961086,China Embassy,28.6008329,77.1923791
5137961088,Chanakyapuri Police Station,28.6035845,77.1966475
5137961090,Chanakyapuri Police Station,28.6037919,77.1965038
5137961096,Bhartiya Sadhu Samaj,28.6039142,77.18462
5139502782,"Rama Krishna Puram, Sector - 8",28.5697644,77.1655301
5139502784,"Rama Krishna Puram, Sector - 9",28.571319,77.1707045
5139502786,"Sector - 12, Rama Krishna Puram (Sangam Cinema)",28.5736195,77.173468
5139502788,"Sector - 9, Rama Krishna Puram",28.5757828,77.172484
5160946741,Atma Ram Sanatan Dharma College,28.5903334,77.1684435
5160963962,Basant Gaon,28.5750592,77.1600415
5160963963,Basant Gaon,28.5754338,77.1589442
5161027736,Satya Niketan,28.587819,77.1707296
5162517336,Arjun Path,28.5752914,77.1473315
5162517337,Arjun Path,28.5747563,77.1472919
5162517338,Unnamed Stop,28.5742199,77.141753
5162517339,Unnamed Stop,28.5748194,77.1414774
5162548183,Jharera Village,28.5794187,77.1450622
5162604857,Shankar Vihar,28.5662798,77.1344777
5162604858,Shankar Vihar,28.5664913,77.1339353
5162608561,Palam Mode,28.5679272,77.1301094
5162608562,Airport,28.5695597,77.1235743
5167333724,Satya Niketan,28.587724,77.1703455
5167370246,Moti Bagh Gurudwara Nanakpura,28.5846673,77.1728115
5167370247,Moti Bagh Gurudwara Nanakpura,28.5848895,77.1721279
5167426921,Arjun Path,28.5740754,77.1518216
5167426926,Arjun Path,28.5743847,77.1518349
5168715800,Shastri Bazaar,28.5964396,77.1358177
5168723511,Airport,28.5693121,77.1234645
5168723512,Palam More/CGDA,28.568261,77.1299105
5169494389,Palam More,28.5814159,77.1241735
5169494390,Palam More,28.5806729,77.1236831
5169523766,More Lines,28.5831114,77.1166418
5169523768,Indian Oil Station,28.5775846,77.1087713
5169523769,Indian Oil Station,28.5773412,77.1086838
5188613094,Prahladpur,28.5797279,77.1017602
5188613095,Prahladpur,28.5794417,77.1016572
5188613108,Dwarka Flyover,28.5838025,77.0914162
5188613109,Dwarka Flyover,28.583937,77.0915466
5188613110,Palam Colony,28.5812731,77.0957702
5188613111,Palam Colony,28.5815058,77.0960018
5208924917,Unnamed Stop,28.62148,77.0889996
5232392799,Aga Khan Hall,28.6224821,77.2350663
5232404971,Mandi House,28.6248546,77.2329658
5232986685,Bhavishya Nidhi Enclave,28.5423336,77.2096053
5244047894,Archana Shopping Complex,28.5540267,77.2318335
5248673897,Jawaharlal Nehru Stadium,28.5838126,77.2301463
5253691565,Malai Mandir,28.5684924,77.1648534
5253691567,Vasant Vihar Depot,28.5589486,77.1719441
5253725578,"Sector 5, Rama Krishna Puram",28.563019,77.1682563
5253725786,"Sector 5, Rama Krishna Puram",28.5606235,77.1701858
5253725787,Munirka/Family Planning Association of India,28.5570195,77.1745306
5258047116,Neethi Apartment,28.6313562,77.3020229
5258048135,Maharishi Daya Nand Marg (Malviya Nagar),28.5402919,77.2129434
5269021217,"Rama Krishna Puram, Sector-8",28.5696659,77.1659882
5269022334,Vasant Vihar C Block,28.5675716,77.1596317
5273097489,Khel Gaon,28.5508686,77.2109001
5273099668,Kamla Nehru College,28.5564674,77.2159535
5273107018,Baroda House,28.6158037,77.2300205
5273107081,Bhartiya Vidya Bhawan,28.6212087,77.2264111
5273108940,Tilak Bridge,28.6236586,77.2393318
5273108995,Andrews Ganj,28.5659689,77.2295032
5273109722,DPS School (near Neela Gumbad),28.5928864,77.2422544
5273109723,National Gallery of Modern Art,28.610408,77.2335416
5275508790,Sadhna Enclave,28.5428724,77.2150338
5277289377,Savitri Cinema,28.5417413,77.2383845
5304347315,Katwaria Sarai,28.5404136,77.1851702
5304359568,Unnamed Stop,28.5418714,77.1826101
5304359878,Qutub Hotel,28.5390979,77.1900541
5304359879,Fertilizer Association of India,28.5434529,77.1799873
5305562715,National Small Industries Corporation,28.5537391,77.2651613
5305562716,Paras Cinema,28.5487565,77.2569888
5305562717,Pamposh Enclave,28.5435247,77.2441827
5305563918,Sukhdev Vihar,28.5585916,77.2730286
5305564098,Nehru Place,28.5473082,77.2540105
5305568809,Maidan Garhi Crossing,28.5196315,77.2077936
5305568811,Dhaulapeer,28.5224936,77.1931448
5305568812,Lado Sarai Crossing,28.5227562,77.1918575
5305575044,Lado Sarai Crossing,28.52433,77.1899181
5305575045,P.T.S.,28.5329842,77.1955017
5305575192,PTS,28.5329085,77.1959524
5305575193,M.M.T.C.,28.5346685,77.1968544
5305575194,Lado Sarai Crossing,28.5242671,77.1899214
5306194018,Rav Tula Ram College,28.5763027,77.1608437
5306202247,Shanti Niketan,28.5730261,77.1634214
5306253665,Padmini Enclave,28.5483535,77.2029517
5307711329,Jawaharlal Nehru University Campus,28.551652,77.169333
5318513004,Institute of Pharmacy (DIPSAR),28.5160844,77.2235377
5318514057,Saket Crossing,28.5175357,77.2167086
5318514355,Asian Market,28.5165374,77.2213136
5322399620,Unnamed Stop,28.5428825,77.2095859
5323165054,DDA Flats Lado Sarai,28.5298217,77.192307
5331312234,Asian Market,28.5170058,77.2207457
5331312235,Unnamed Stop,28.5151222,77.2283572
5331316352,Said-ul-Ajaib,28.5206804,77.2023871
5331316353,Institute of Pharmacy (DIPSAR),28.5161524,77.2248422
5331316354,tighri,28.5151368,77.2282936
5331316516,Saket Crossing,28.5179491,77.2165322
5331316517,Ambedkar Nagar Depot,28.515354,77.2284585
5331550499,Unnamed Stop,28.5246085,77.2297547
5331550500,Unnamed Stop,28.5279782,77.2312443
5331550888,Unnamed Stop,28.5203619,77.2281215
5331550926,Unnamed Stop,28.5247119,77.2298196
5331550927,Unnamed Stop,28.528113,77.2312921
5337536801,Unnamed Stop,28.6112169,77.2447636
5338561339,Scindia House,28.6291085,77.2216151
5338565943,Super Bazar,28.6327024,77.2231651
5338567621,Kailash Building,28.6292017,77.2219249
5338584905,Doctor Ram Manohar Lohia Hospital,28.6245007,77.2013315
5338584906,Doctor Ram Manohar Lohia Hospital,28.6257958,77.2039082
5338584908,Hanuman Mandir,28.6304235,77.214008
5338584991,New Delhi Post Office,28.6261381,77.2049492
5338584992,Gurudwara Bangla Sahib,28.6285156,77.2095706
5341268644,Unnamed Stop,28.6341687,77.3049948
5341268645,Saraswati Kunj,28.6239425,77.3011418
5342174852,National Stadium,28.6115356,77.2399261
5342182505,Unnamed Stop,28.6020666,77.2404357
5342182506,Lodhi Hotel,28.5911586,77.2396761
5342182749,Zoo,28.6084096,77.2399087
5342182750,Unnamed Stop,28.5984508,77.2406143
5342182884,National Stadium,28.6118736,77.2399211
5342182885,Amir Khusro Park,28.5962282,77.2403952
5342182886,Defence Colony,28.5732321,77.2374621
5344786347,Delhi Development Authority Flats Munirka/Family Planning Association of India,28.555522,77.1766162
5345530306,Western Court,28.6238379,77.2190036
5345531488,Eastern Court,28.6221373,77.2191737
5345534677,Mandi House,28.6251008,77.230295
5345534846,Mandi House,28.6249761,77.2305747
5345535254,Firoz Shah Road,28.6207553,77.2205921
5346174186,N.D.P.O.,28.6255464,77.206388
5348499922,Unnamed Stop,28.6701741,77.2026807
5350977464,Bhartiya Sadhu Samaj,28.6038544,77.184054
5351633785,"Rama Krishna Puram, Sector - 7",28.5705999,77.1691221
5357614275,Siri Fort Crossing,28.5542025,77.2269827
5357614276,Unnamed Stop,28.5459458,77.2297186
5358882587,Sangam Cinema,28.573628,77.173641
5367813525,Krishi Vihar,28.5469029,77.2295999
5367813526,Krishi Vihar,28.5469359,77.2295871
5370211763,Ring Road (near Gupta Market),28.5647331,77.2414707
5370211764,Gupta Market,28.5647284,77.2413647
5370211769,Ring Road (near Gupta Market),28.5651195,77.241535
5371748022,Qutub Minar Metro Station,28.5141054,77.1861737
5372972120,Unnamed Stop,28.5615601,77.2317487
5372974921,Unnamed Stop,28.5616087,77.2317778
5372975222,Nehru Place,28.5485515,77.2489274
5372981176,Central School,28.5596616,77.2333991
5372983763,Lady Sriram College,28.5587538,77.2371619
5372984022,Central School,28.5596402,77.2335068
5372987675,Lady Sriram College,28.5587212,77.2372978
5372987677,Kailash Colony,28.5560739,77.2410026
5372987679,Sant Nagar,28.5522958,77.2461934
5372989218,Central School,28.5598546,77.2336017
5372989282,Nehru Place,28.5475803,77.2493343
5372989458,Nehru Place,28.5479765,77.2492134
5373002004,O.S. Communication,28.5427743,77.241437
5373002309,Masjid Moth,28.5408689,77.236039
5373003179,Pamposh Enclave,28.5437071,77.2439086
5401301622,Bus Stop Sec-16 Rohini,28.7415613,77.1201005
5406734894,Institute of Pharmacy (DIPSAR),28.5163617,77.2235726
5406734895,Dhaulapeer,28.5219518,77.1979232
5406734896,Said-ul-Ajaib,28.5211926,77.1999313
5415760167,Ansal Plaza,28.5654414,77.2247804
5415761593,Shah Pur Jat,28.5482223,77.2099778
5415761594,Anand Lok,28.5582653,77.2183802
5418010405,Supreme Court Metro Station,28.6239954,77.2409579
5418035756,Mandi House,28.6254806,77.2339155
5419776664,Khyber Pass,28.6903388,77.2214407
5419777006,Delhi Vidhan Sabha,28.6877468,77.2214045
5419777083,Khyber Pass,28.6905852,77.2210801
5419789266,Majnu Ka Tila,28.6976823,77.2271365
5419789267,Majnu Ka Tila,28.6975107,77.2274102
5420478911,Scindia House,28.6287093,77.2218844
5420478912,Bhartiya Vidya Bhawan,28.6219592,77.2258102
5420478913,Kasturba Gandhi Marg,28.6248618,77.2241241
5420478930,Max Mueller Bhawan,28.6245111,77.2245942
5420479021,Indian Oil Bhawan,28.6286088,77.2193584
5420488029,Modern School,28.6280083,77.2277991
5420488030,Modern School,28.6278313,77.2285205
5420488032,Mandi House,28.6248177,77.2327506
5420488033,Aga Khan Hall,28.6224941,77.2353604
5426388555,Dayal Singh College,28.5922313,77.2289934
5426388556,The Mother's International School,28.5408915,77.1994527
5426388557,Pragati Maidan (Gate No.5),28.6175048,77.2401552
5426388558,Nehru Nagar,28.5690248,77.2539096
5426388559,Lajpat Nagar Crossing,28.5640862,77.250413
5426388560,"B Block, East of Kailash",28.5621143,77.2555218
5426388565,Rama Krishna Puram Sector 1 and 2,28.564755,77.1783289
5426388566,South Extension,28.5690314,77.2168359
5426388567,Ahinsa Sthal,28.5215705,77.1898516
5426389542,Sheikh Sarai,28.5336125,77.2322454
5426389543,Nehru Nagar,28.568304,77.2538862
5426389544,Sriniwaspuri Depot,28.5613334,77.2600501
5426389915,Lodhi Road Crossing,28.5916086,77.223506
5426389916,Sujan Singh Park,28.6009804,77.2295848
5426390627,Lodhi Road Crossing,28.5917991,77.2237229
5426390628,National Stadium,28.6136124,77.2347778
5426390776,ISPAT Bhawan,28.5923668,77.2370502
5426390921,Dayal Singh College,28.5925146,77.22871
5426390922,Nehru Nagar,28.5691617,77.2539782
5426391142,Moolchand Khairati Ram Hospital,28.5690231,77.235061
5426391173,Garhi Village,28.5624036,77.2513938
5426391184,Okhla Sabzi Mandi,28.5585019,77.263053
5426391229,Moolchand Khairati Ram Hospital,28.5689051,77.2353496
5426391250,Lajpat Nagar Crossing,28.5642606,77.2503616
5426391261,"C Block, East of Kailash",28.5621351,77.2582072
5426391272,National Small Industries Corporation,28.5566254,77.2647381
5426391318,South Extension,28.5682975,77.2231935
5426391319,Vocational College,28.5321162,77.2277162
5426391723,South Extension,28.5690258,77.2169951
5426391724,Qutub Minar Metro Station,28.5117865,77.1844919
5426391725,South Extension,28.5686747,77.2184651
5426392151,"Lodhi Colony, 18-Block",28.586584,77.2243832
5430716818,Unnamed Stop,28.5160984,77.2234713
5430716819,Ber Sarai,28.5494846,77.1806657
5430722260,Mohan Singh Market,28.566637,77.1763611
5430722261,Ber Sarai,28.5507016,77.1816752
5430722262,National Council of Educational Research and Training,28.5379032,77.1937762
5430722263,Rama Krishna Puram Sector 10,28.5701244,77.1731598
5430723111,Saket Terminal,28.5228223,77.21662
5430723244,Munirka,28.5585631,77.1738684
5430723253,Sri Niwas Puri,28.5666441,77.2530703
5431738836,Defence Colony (Homeopathic College),28.5719686,77.227722
5432714822,Unnamed Stop,28.6261691,77.2215315
5432720712,Tolstoy Marg,28.6264441,77.2208496
5432771968,Pragati Vihar,28.5871223,77.2296054
5433538142,"Saket, G Block",28.5222765,77.2094274
5433538143,"Saket, G Block",28.5219927,77.2102387
5433538360,Anupam Cinema,28.5253985,77.2058052
5433538362,"Saket, J Block",28.5226318,77.2135155
5433538542,"Saket, J Block",28.5225551,77.2133193
5436500983,South Extension,28.5685582,77.2204545
5441522259,Central School Lodhi Road,28.5849678,77.2282312
5441523402,Central School Lodhi Road,28.5848004,77.2278129
5441523431,"Lodhi Colony, 18-Block",28.5871743,77.2240192
5441523433,Lodhi Colony Block 12-13,28.584737,77.2245485
5445739531,Panchsheel Club,28.5444826,77.2087316
5449158263,Lodhi Colony Block 12-13,28.5847184,77.2242952
5455134119,PNB Gitanjali,28.5291698,77.2015144
5455135429,Hauz Rani,28.5294025,77.2157938
5455135430,Garhi Village,28.5621454,77.2513302
5455135431,Modi Mill,28.5554693,77.2651135
5455135856,Lajpat Nagar,28.5652858,77.2485287
5455135858,Lajpat Nagar Crossing,28.5642588,77.2500698
5455135882,Sheikh Sarai,28.5337958,77.2317736
5455135921,"Saket, A-Block",28.5277851,77.2050986
5455135922,Khirki Village,28.5298852,77.2180771
5455135924,Sriniwaspuri Depot,28.5607607,77.260458
5455135925,Unnamed Stop,28.5162804,77.2265108
5463095835,Dhaula Kuan,28.5907626,77.1681542
5463095836,Atma Ram Sanatan Dharma College,28.5906137,77.1682107
5463095927,Raj Nagar,28.5700611,77.2011368
5464573102,South Moti Bagh,28.5815793,77.1740688
5483330230,"Saket, J Block",28.5194826,77.215876
5483330568,NCERT,28.537822,77.1930027
5483330569,Qutub Hotel,28.5390537,77.1895509
5483330570,Sanskrit Vidyapeeth,28.5420302,77.1823666
5483330573,Rama Krishna Puram Sector 7,28.570589,77.1726858
5483330782,"Saket, J Block",28.5197382,77.2157231
5483330993,Teen Murti,28.6061096,77.1988825
5483330994,Red Cross Road,28.6176833,77.2110578
5483331636,Unnamed Stop,28.5494505,77.1803746
5483331637,Mohan Singh Market,28.5655923,77.1770881
5483331671,South Avenue,28.6099984,77.199121
5483331673,Gurudwara Bangla Sahib,28.625421,77.2095761
5483331738,Rama Krishna Puram Sector 1,28.5640544,77.1785435
5483331740,Ayurvigyan Nagar,28.5604649,77.2213807
5483331744,Chirag Dilli,28.5389116,77.2323137
5483331960,Akashwani Bhawan,28.6204581,77.2127271
5483331961,Police Station Tughlaq Road,28.5999311,77.2113517
5483331962,Kidwai Nagar,28.5739311,77.2096539
5483331969,Unnamed Stop,28.5345369,77.2322183
5483332047,Sena Bhawan,28.608275,77.2066389
5483332064,Kendriya Terminal Church Road,28.6174908,77.2037963
5483332066,Unnamed Stop,28.5549576,77.2138638
5483332132,Safdarjung Airport,28.584127,77.212672
5483954442,"Saket, M Block",28.5287775,77.2148631
5483954443,Krishi Bhawan,28.614871,77.212476
5483954473,Rail Bhawan Metro Station,28.6149393,77.2119885
5483954474,Udyog Bhawan,28.6126506,77.211843
5483954489,G Block,28.6094443,77.2098605
5483954490,G Block,28.6096447,77.2096689
5484083823,Udyog Bhawan,28.612527,77.2122895
5485189797,Unnamed Stop,28.5324242,77.2040968
5485189798,Aurobindo College,28.5325891,77.2047016
5487021004,Malviya Nagar Crossing,28.5384804,77.213937
5489480588,Maidan Garhi Crossing,28.519046,77.2087497
5490930477,Unnamed Stop,28.5245822,77.2303584
5490930478,Qutub Minar,28.5265698,77.1859674
5490930479,Lado Sarai Crossing,28.5234185,77.1908012
5490931106,Unnamed Stop,28.5160919,77.2269384
5490931524,Pushp Vihar,28.5285738,77.2319627
5490932092,Said-ul-Ajaib,28.5203822,77.2027874
5490932094,Lado Sarai,28.5226228,77.1936115
5492019886,Mehrauli Terminal,28.521472,77.1832211
5492019887,Mehrauli Terminal,28.5215934,77.1832573
5493861634,Rama Krishna Puram Sector 1,28.5643506,77.179799
5493861635,Nauroji Nagar,28.5696537,77.1954363
5493861636,Safdarjung Hospital,28.5697615,77.2044155
5495470043,Rama Krishna Puram Sector 13,28.5713572,77.1817687
5498958699,Tughlak Crescent,28.5949927,77.2119663
5498959374,South Extension,28.5687213,77.2167545
5511369034,Kalkaji Temple,28.5521924,77.264507
5511370166,Okhla Sabzi Mandi,28.5582467,77.2628428
5517950126,Chhattarpur Village,28.500486,77.1836321
5534241883,Ramprastha Mandir,28.662793,77.320163
5537493892,"Mother Dairy, Kishangarh",28.5267881,77.1619165
5537493893,"Mother Dairy, Kishangarh",28.5266458,77.1618168
5541681984,Gargi College,28.5554685,77.2191432
5541682306,Khel Gaon,28.5502342,77.2103861
5541682307,Shiv Mandir,28.5654449,77.2245154
5541755268,Unnamed Stop,28.5837986,77.2122896
5541755269,Kidwai Nagar,28.5756843,77.2096932
5543580373,Siri Fort Crossing,28.5543251,77.2269961
5543583026,Gargi College,28.5557258,77.2178432
5545510715,Sena Bhawan,28.6080817,77.2066703
5545512461,DDA Flats Lado Sarai,28.5300436,77.1920506
5545512462,Teen Murti,28.6056148,77.1990695
5545512792,Katwaria Sarai,28.540441,77.1855428
5559196931,Unnamed Stop,28.5065658,77.1751682
5561733887,Satya Niketan,28.5878113,77.1702793
5561733888,Okhla Tank,28.5480079,77.2765325
5561733908,Badarpur Power House,28.506991,77.3004732
5561733910,Rajiv Gandhi Stadium,28.499214,77.2990768
5561733911,M.B. Road,28.5054709,77.2764802
5561733913,Khanpur Extension,28.5136487,77.2348944
5561733972,Raj Nagar,28.5695607,77.2013924
5561733974,Ali Village,28.5160804,77.296615
5561733976,Prahladpur,28.5005973,77.2937648
5561733977,Kaya Maya Hospital,28.5078293,77.2692282
5561733978,Sangam Vihar,28.5118635,77.249681
5561734256,Maruti Factory,28.5220248,77.2934855
5561734257,Onida Factory,28.5132736,77.2977796
5561734258,Badarpur,28.5019998,77.3000338
5561734259,Badarpur Terminal,28.4914716,77.3037217
5561734261,Tuglakabad,28.5089676,77.2652186
5561734262,Sangam Vihar,28.5122579,77.2487138
5561734263,Batra Hospital,28.5121489,77.2434016
5567166100,Shahjahan Road UPSC,28.6083251,77.2279781
5567166101,Unnamed Stop,28.5933994,77.2147799
5567166103,AIIMS,28.5670638,77.2080031
5567166775,Tilak Bridge,28.6241247,77.2393748
5567166776,Prithviraj Road,28.5964593,77.2177132
5567166785,Yusuf Sarai,28.562743,77.2077152
5567166786,IIT Gate,28.5429388,77.2007428
5567166787,Qutub Minar,28.5264425,77.1866804
5567166788,Mehrauli Terminal,28.5216486,77.1830075
5567166876,Patiala House,28.6163362,77.2338873
5567166877,Jammu and Kashmir House,28.6012454,77.2222072
5567166878,Safdarjung Madarasa,28.5866752,77.2128615
5567166881,Green Park Metro Station,28.5585815,77.2067183
5567166882,IIT Gate,28.5461885,77.2024247
5567166883,Unnamed Stop,28.5379323,77.1983693
5567166884,Mehrauli Terminal,28.5217907,77.1830587
5569030784,Airport bus station,28.5564084,77.0855582
5569795451,Qutub Minar,28.52655,77.1869393
5569852610,Yusuf Sarai,28.5624092,77.2072685
5575445727,"Rama Krishna Puram, Sector-12",28.5751655,77.1777702
5578382619,Nehru Place,28.547266,77.2538952
5584870725,Ashram,28.5733398,77.2573944
5584870726,Hazrat Nizamuddin Railway Station,28.5864131,77.2529822
5584871833,Unnamed Stop,28.5278478,77.2317032
5584872921,Ashram,28.5738117,77.2575022
5585958324,ITO,28.6277699,77.243304
5585958325,ITO,28.6278464,77.2444747
5585958326,Delhi Secretariat,28.6278888,77.2523778
5585958327,Ganesh Nagar,28.6209499,77.2849868
5585958328,Nehru Nagar,28.5685647,77.2539456
5586445480,Begampur,28.5365179,77.2096901
5586450402,Begumpur,28.5369782,77.2099406
5586450403,Aurobindo College,28.5327655,77.2047889
5586450515,Malviya Nagar,28.5344015,77.2096787
5586450858,Malviya Nagar,28.5343863,77.2095701
5586450860,Unnamed Stop,28.5367174,77.2118451
5587022726,Firoz Shah Road,28.6205984,77.2206956
5587022727,Kasturba Gandhi Marg Crossing,28.6219722,77.2238024
5587022728,Tilak Bridge,28.6252652,77.2386517
5587022729,Rainy Well,28.6279924,77.2609314
5592111622,Unnamed Stop,28.6184561,77.0313876
5592111623,Sai Baba Mandir,28.6136967,76.9993348
5592111624,Unnamed Stop,28.6130867,77.0334559
5592111929,Dwarka Sector 1,28.5942601,77.0738602
5592111931,MRV School Sector 13,28.6039183,77.038815
5592111938,Unnamed Stop,28.6199698,77.0182851
5592111939,Unnamed Stop,28.6181808,77.0132162
5592111940,Unnamed Stop,28.6147636,77.0033462
5592111941,नगली डेरी बस स्टैंड,28.6200613,77.0179014
5592111942,Kakrola Crossing,28.6181217,77.0318053
5592112806,Matiala Crossing,28.6049876,77.0517999
5592112807,Delhi Public School Matiyala,28.6044932,77.0463825
5592113890,Dwarka More,28.5927817,77.0795025
5592114007,Jhori Mal International School,28.5953137,77.0703075
5592114008,Madhu Vihar,28.599782,77.0611733
5592114084,Arjun Path,28.5747386,77.1474333
5592114100,Raja Puri,28.6036878,77.0552404
5592114101,Dwarka Sector ?,28.602684,77.0432335
5592114102,Dwarka Sector 13/3 Crossing,28.6024558,77.0409916
5592114103,Dwarka Sector 13 MIG Flats,28.6055417,77.0364103
5592114104,Unnamed Stop,28.6183884,77.013154
5592114105,Unnamed Stop,28.6193262,77.0279262
5592114110,NSUT,28.6082819,77.0350079
5592114111,Dwarka Sector 13/3 Crossing,28.6026251,77.0411234
5592114112,Delhi Public School Matiyala,28.6046178,77.0461564
5592114115,Dwarka Sector 2 and 6,28.5973005,77.0654148
5592115163,Unnamed Stop,28.6145411,77.0035288
5592115432,Unnamed Stop,28.6202256,77.0240146
5592115433,Unnamed Stop,28.6027377,77.0430028
5592115434,Matiyala Crossing,28.6051684,77.0519842
5592115435,Dwarka Sector 2 and 6,28.5973447,77.0648046
5592115437,Manglapuri Terminal,28.589967,77.0858039
5592115633,Sector 13 Dwarka,28.6058267,77.0363145
5592115634,Dwarka Sector 13 MRV School,28.6040391,77.0390183
5592115637,Raja Puri,28.6041818,77.0548072
5592115638,Madhu Vihar,28.5998994,77.0613928
5592115639,Dwarka Sector 1,28.5944933,77.0734408
5592115640,Health Centre,28.5918979,77.0812824
5592717074,Arjun Path,28.5752651,77.1474673
5592717075,Arjun Path,28.5753133,77.1471964
5592717076,Arjun Path,28.5747351,77.1475464
5592717078,Kakrola More,28.6189473,77.0294964
5592717079,Suraj Vihar,28.6134029,77.03311
5592717080,NSUT / Sulahkul Mandir,28.6075397,77.0350116
5598792340,Adchini,28.5374663,77.1981531
5598792341,Unnamed Stop,28.5281866,77.2091309
5598795739,Adchini,28.5375512,77.1979595
5598795740,Geetanjali,28.5306259,77.19959
5600439310,Jharera Village,28.5797517,77.1448049
5604863093,Unnamed Stop,28.5379298,77.1365681
5604863094,Unnamed Stop,28.5464897,77.1248436
5604863095,Unnamed Stop,28.5347913,77.1086513
5604863096,Kapashera Village,28.5234692,77.0833239
5604863098,Vasant Kunj C8,28.5367804,77.1401449
5604863099,Kathuria Public School,28.5310249,77.1465383
5604863100,Andheria Crossing,28.5092028,77.1789037
5604863163,Unnamed Stop,28.516831,77.1615871
5604863763,Kapashera Crossing,28.5312381,77.0880379
5604863765,Rangpuri,28.5439303,77.1178426
5604863771,Unnamed Stop,28.5251959,77.1549387
5604865248,Unnamed Stop,28.5169346,77.1610503
5604865249,Unnamed Stop,28.5280742,77.1494118
5604865250,Unnamed Stop,28.5415667,77.1294188
5604865254,Unnamed Stop,28.5450066,77.1280823
5604865255,Unnamed Stop,28.5282754,77.1504548
5604865256,Ahinsa Sthal,28.5204785,77.1893901
5604865343,Unnamed Stop,28.5115469,77.1669827
5604865344,Unnamed Stop,28.5251906,77.1546593
5604866738,ISIC Hospital,28.5339333,77.142426
5604866823,Unnamed Stop,28.5292045,77.0867645
5604866831,ISIC Hospital,28.534045,77.1425592
5604866832,Vasant Kunj B-1,28.5228067,77.1572322
5604866833,Unnamed Stop,28.5146405,77.1642701
5604866834,Andheria Not,28.5085988,77.1771193
5604868039,Unnamed Stop,28.5380735,77.1365351
5604868040,Vasant Kunj C8,28.5366945,77.1398974
5606765873,Vasant Vihar Depot,28.5580003,77.1696737
5606765874,Shopping Center - Nelson Mandela Marg,28.5394317,77.1561571
5606765875,Vasant Kunj Police Station,28.5356514,77.1528802
5606765911,"Sector B-11, Vasant Kunj",28.5330543,77.151733
5606765912,Bhatnagar Public School,28.5309761,77.1539049
5606766126,Vasant Kunj Police Station,28.5354771,77.153153
5606766127,"Sector B-11, Vasant Kunj",28.5330599,77.1519912
5606766128,Bhatnagar Public School,28.5312817,77.1534878
5606766133,Vasant Kunj B 8 and 9,28.5287985,77.1574057
5606766195,Unnamed Stop,28.5103793,77.1694181
5606766196,Unnamed Stop,28.5094775,77.1787297
5606766664,DDA Flats Munirka,28.5562727,77.1678437
5606766670,Goenka Public School,28.5281794,77.1560714
5606766679,Kishangarh 2,28.5222845,77.1681822
5606766684,Goenka Public School,28.5280966,77.1558858
5616731668,GGS Indraprastha University,28.6655419,77.2302068
5616751197,GPO,28.661925,77.2344419
5623614865,Fertilizer Association of India,28.5436483,77.1800515
5623615663,Rama Krishna Puram Sector 1,28.5628737,77.178401
5630006492,Unnamed Stop,28.5229226,77.2164353
5630006493,Press Enclave,28.5278586,77.2078738
5634504209,Krishi Kunj,28.6372399,77.1465112
5634522760,Police Station Mandir Marg,28.6387823,77.203394
5634522768,Karol Bagh,28.6439183,77.1890699
5634522771,Rajendra Place,28.6426023,77.1800983
5634522773,East Patel Nagar,28.6405608,77.1744431
5634522779,NPL Colony,28.6373672,77.1746579
5634522900,Police Station Mandir Marg,28.6374378,77.2030487
5634523002,Windsor Place,28.6176172,77.218652
5634523681,Claridges Hotel,28.6020197,77.2176582
5634523682,National Museum,28.6114967,77.2182694
5634523683,National Archives,28.6145501,77.2184432
5634523684,Krishi Kunj,28.6370865,77.1468412
5634523690,Todapur Village,28.6241075,77.1563605
5634523693,Todapur Village,28.6233262,77.1597748
5634523696,"National Agricultural Science Centre, Dasghara",28.6256148,77.1621057
5634524442,Shaheed Baghat Singh Marg,28.6334042,77.209149
5634524445,Gole Market,28.634698,77.2036502
5634524452,Meghdoot Bhawan,28.6436271,77.2009959
5634524468,"Rajendra Nagar, R Block",28.6328518,77.1731551
5634524471,Todapur Village,28.6228314,77.1595881
5634524474,Monitoring and Receiving Station (Air Station),28.6263633,77.1532873
5634524479,Inderpuri,28.6334844,77.1479246
5634524602,Inderpuri,28.6320538,77.1491057
5634524607,Unnamed Stop,28.6289198,77.15126
5634525195,Pusa Quarter,28.6299946,77.1671391
5634525356,Unnamed Stop,28.630219,77.167001
5634525357,NPL Colony,28.63773,77.1744058
5634525358,East Patel Nagar,28.6404074,77.1741736
5634525359,Rajendra Place,28.6424869,77.1772863
5634525360,"Panchkuian Road, Banwari Lal Hospital",28.6416607,77.2041435
5634525961,"Rajendra Nagar, R Block",28.6344535,77.1739839
5637080733,Krishi Bhawan,28.6168315,77.2136914
5637100892,South Avenue,28.6099802,77.1993513
5637100894,Patel Chowk,28.6244886,77.2107096
5637100895,Shivaji Park,28.6387269,77.2239085
5637100897,Police Station Kamala Market,28.6430167,77.2259822
5637101391,Gurudwara Bangla Sahib,28.62523,77.2094194
5637101395,Windsor Place,28.6180019,77.2188942
5637102539,Tyagraj Marg,28.6089101,77.2030314
5637102589,School of Physical Science,28.5464991,77.1794205
5637102806,"Rama Krishna Puram, NAB",28.5613345,77.1765512
5637103413,PNB Gitanjali,28.5294842,77.2013475
5637696019,Ayurvigyan Nagar,28.5613611,77.2221055
5638613628,Shopping Center,28.5413373,77.1564321
5638613674,Karol Bagh Metro Station,28.6441988,77.188947
5655291486,TB Extension,28.525488,77.2606198
5655291487,DDA Kalkaji Extension,28.5254197,77.2621575
5655292225,Tara Apartment,28.5243012,77.2562726
5655292431,Sat Narayan Temple,28.5121499,77.2433398
5655292435,Central Reserve Police Force,28.5285197,77.2705242
5655292552,Hamdard Library,28.5170953,77.2536066
5655292553,Guru Ravi Das Mandir,28.5194087,77.2544918
5655292554,Kalkaji Extension,28.5267332,77.2668544
5663495758,TB Extension,28.5255785,77.2609331
5663495759,Okhla Phase 1,28.5203651,77.2776273
5663496119,C Lal Chowk,28.5339998,77.2687239
5663496279,Guru Ravidas Mandir,28.5195392,77.2542766
5663496324,C Lal Chowk,28.534494,77.2682466
5663496325,Lal Kuan,28.5026215,77.2845419
5663496525,Central Reserve Police Force,28.5285509,77.2701089
5663496878,Surajkund Crossing,28.5018867,77.2895949
5663496882,Surajkund Crossing,28.5014976,77.2897179
5663496902,Air Force Station,28.5112959,77.2565515
5663497230,ESI Hospital,28.5143175,77.2813362
5663497232,Prem Nagar,28.5044284,77.2791678
5663497343,Prahladpur,28.5000722,77.294609
5663497344,Rajeev Gandhi Stadium,28.4993972,77.2987798
5695691745,"A-1, Janakpuri",28.6247046,77.0677821
5695691749,C-1 Janakpuri,28.6171925,77.0786064
5695691750,Rajasthan Rifles Centre,28.5956356,77.15114
5695692628,"A-1, Janakpuri",28.624866,77.0676817
5695692630,A-1 Janakpuri,28.6239341,77.0679343
5695692634,Hauz Rani,28.5282732,77.2121032
5695695463,Unnamed Stop,28.625421,77.0656387
5695695464,Jeevan Park,28.6195633,77.0735919
5695695465,Janak Setu,28.6104869,77.1137648
5701997798,Sukhdev Vihar,28.5743182,77.2287394
5701997801,Panchsheel Club,28.5462085,77.2092944
5714671373,Vocational College,28.5323134,77.2268866
5714671374,PSRI Hospital,28.5313367,77.224205
5714671376,Hauz Rani,28.5296954,77.2158453
5715371718,"Greater Kailash II, M-Block Market",28.5344622,77.2438618
5715382910,"Greater Kailash II, M Block Market",28.5344091,77.2437842
5715382911,Narmada Apartment,28.5278823,77.2483841
5715382912,Tara Apartment,28.5226506,77.25542
5715382918,Safdarjung Airport,28.5840133,77.212658
5715387039,Unnamed Stop,28.5402176,77.2400527
5715387116,Unnamed Stop,28.5310249,77.2456878
5715387117,Narmada Apartment,28.5279858,77.2482354
5715387118,Tara Apartment,28.5237923,77.2550454
5715389197,Unnamed Stop,28.5310524,77.2457633
5715389198,Unnamed Stop,28.5379488,77.2398457
5715389199,Unnamed Stop,28.5400311,77.2402111
5715390754,Alaknanda Apartment,28.5268636,77.2520432
5715392714,Lodhi Colony,28.5859327,77.2213705
5715393721,Lodhi Colony,28.5860316,77.220958
5716106718,Munirka,28.5588319,77.1736658
5716127699,Tara Apartment,28.5239147,77.2551271
5716610652,Safdarjung Tomb,28.5892861,77.2131643
5721278704,Kamala Market,28.6438424,77.2243409
5721283954,Unnamed Stop,28.6430706,77.2263569
5725122123,New Delhi Metro Express Line Station,28.6433841,77.2233067
5732540806,Vayusenabad,28.5127292,77.2390456
5732540807,"G Block, Dakshinpuri",28.5139713,77.2345768
5732540809,Patiala House,28.6165335,77.2337529
5732542138,Safdarjung Airport,28.5842799,77.2122744
5732542139,Dilli Gate,28.6374898,77.241347
5732543211,AIIMS,28.5670775,77.2076532
5732543212,Jammu and Kashmir House,28.6018823,77.2225291
5732543214,Express Building,28.6337909,77.2407952
5732543215,Golcha Cinema,28.6434906,77.240305
5732543216,Subhash Park,28.649126,77.2393165
5732543217,Lal Quila,28.6540486,77.2363196
5732543218,BMD Chowk,28.6585584,77.2314106
5732543219,Jama Masjid,28.6509769,77.2384237
5732543997,Safdarjung Madrasa,28.588563,77.2126717
5732543999,Lala Ram Chandra Aggarwal Chowk,28.6290153,77.2411467
5732544000,Ambedkar Stadium,28.6387849,77.2410326
5732544103,Shahjahan Road UPSC,28.6071651,77.2268196
5732544104,Supreme Court,28.621806,77.2376334
5732544105,Dilli Gate,28.6371994,77.2408944
5732544107,Jama Masjid,28.6512237,77.2378285
5732544109,Lal Quila,28.6580926,77.2370875
5732544110,Daryaganj,28.6480005,77.2402824
5732544111,Golcha Cinema,28.6446646,77.2404982
5732544224,Unnamed Stop,28.5457319,77.2501613
5732544225,Unnamed Stop,28.5441197,77.2460707
5732544226,Deshbandhu Colony,28.5391,77.2536842
5732544227,Unnamed Stop,28.5302386,77.2585522
5732544229,Majeedia Hospital,28.514995,77.2528691
5732544230,Vayusenabad,28.51293,77.2389743
5732544322,Lala Rama Chandra Aggarwal Chowk,28.6291247,77.2414332
5732544323,Lady Shriram College,28.5589726,77.2373164
5732544324,Sant Nagar,28.5526493,77.2461739
5732544325,Nehru Place,28.5486684,77.2491334
5732544448,Kailash Colony,28.5564589,77.2410687
5732544449,Nehru Place,28.5484332,77.2492335
5732544450,Hauz Khas,28.5529,77.2047179
5738746850,Vasant Kunj B1,28.522149,77.1575138
5738751504,Unnamed Stop,28.5428016,77.1178933
5738751505,Unnamed Stop,28.552407,77.1064207
5738752138,TB Hospital,28.5285042,77.190216
5738752190,Maharana Pratap Chowk,28.5878092,77.1504559
5738752499,PTS,28.5311879,77.1967096
5738752544,TB Hospital,28.5284849,77.1897605
5738752546,Vasant Kunj B1,28.5222205,77.157695
5738752549,Unnamed Stop,28.5550366,77.1001098
5738752550,Subroto Park,28.5840232,77.1459088
5738752551,RR Hospital,28.5900911,77.1568138
5738752624,Unnamed Stop,28.5442942,77.1282217
5738752625,Unnamed Stop,28.554161,77.1021102
5738752628,Subroto Park,28.5830919,77.1459608
5738752629,RR Hospital,28.5899731,77.1556187
5740988541,Unnamed Stop,28.5571898,77.0916036
5741894535,Dharma Apartments,28.619799,77.2900712
5741894536,Samaspur Jagir Village,28.6154624,77.2844594
5741894537,Khichdipur Village,28.6248964,77.3093051
5741967072,Ambedkar Park,28.6217451,77.2945663
5741967073,Government Model School,28.6215873,77.2948613
5743504774,Nityanand Marg,28.6683666,77.2249622
5743504779,Unnamed Stop,28.6670915,77.2549643
5743504780,Shamshan Ghat Pushta,28.6555752,77.2640104
5743505684,Shastri Park DMRC Depot,28.6737765,77.2413953
5743505685,Shalimar Garden Mor,28.6880801,77.3301176
5743506128,Unnamed Stop,28.6208616,77.3205572
5743508115,Nityanand Marg,28.6680526,77.2250835
5743508116,Shastri Park,28.6730596,77.2538388
5743508499,Shastri Park,28.6727534,77.2538104
5743508500,Kailash Nagar,28.6626081,77.2582142
5743508507,Trilokpuri Block 13,28.6127926,77.3061928
5743508841,Patparganj Mor,28.6164668,77.288071
5743508842,Mayur Vihar,28.6133497,77.2955378
5743508843,Gazipur Crossing,28.6305068,77.3162825
5743508844,Anand Vihar ISBT,28.6490523,77.3182836
5743508845,Ramprastha Crossing,28.6606821,77.3198878
5743508965,Tis Hazari,28.6668329,77.2189356
5743509248,Geeta Colony,28.6482103,77.2688562
5743509249,Unnamed Stop,28.6434076,77.2704804
5743509250,Bank Enclave,28.6387059,77.2696681
5743509251,Lalita Park,28.6321606,77.2710164
5743509348,Gandhi Nagar,28.6583041,77.2619768
5743509384,Ramesh Park,28.6356772,77.2700229
5743509389,Unnamed Stop,28.6147661,77.2901794
5743509390,Kotla Village,28.6132902,77.3015765
5743509401,Chand Cinema,28.6129392,77.312567
5743509402,Super Bazar,28.6135106,77.3163035
5743509403,Kalyanpuri,28.6148949,77.3191538
5743509409,Unnamed Stop,28.6227959,77.3198113
5743509574,Shahdara Border,28.6777276,77.3232072
5743509575,Seemapuri (Old),28.6810951,77.3278275
5743509576,Seemapuri (Old),28.6807082,77.3277509
5743509577,seemapuri bus stop,28.6928617,77.3276023
5743509578,DLF Mor,28.6926621,77.3273718
5743510121,Unnamed Stop,28.614564,77.3212173
5743510166,Unnamed Stop,28.6914107,77.3250592
5743510167,Anand Gram Ashram,28.6885226,77.3190612
5743510401,Gazipur Depot,28.6418869,77.3158056
5743510626,Gazipur Village,28.6321175,77.3157087
5743510628,Surya Nagar,28.6669621,77.3214851
5743510632,Seemapuri Depot,28.685459,77.3311074
5743512331,Anand Gram,28.6888237,77.3220459
5743512394,Kartar Nagar,28.6895771,77.2541673
5743512654,"MIG Flats, Loni Road",28.7003371,77.2957373
5743512665,Doctor Bhim Rao Ambedkar College,28.7012239,77.2884784
5743512697,"B Block, Yamuna Vihar",28.7031385,77.2699509
5743512698,"B Block, Yamuna Vihar",28.7029237,77.2695064
5743512969,Nand Nagari Depot,28.6988502,77.3063045
5743512980,Ashok Nagar,28.7000934,77.2969507
5743513027,Sunder Nagari,28.6927166,77.3162604
5743513028,Unnamed Stop,28.6954641,77.3150162
5743513039,Bank Colony,28.6979574,77.3115314
5743513089,Yamuna Vihar (Brij Puri),28.7025095,77.2737771
5743513721,Sunder Nagari,28.6927747,77.315801
5743514045,C Block Yamuna Vihar,28.7021527,77.2783595
5743514106,Bhajanpura,28.703362,77.2640382
5743514229,Khajuri,28.7042333,77.2568632
5743514270,Unnamed Stop,28.6933949,77.2547185
5743514301,Unnamed Stop,28.6737732,77.248017
5743514559,Shastri Park DMRC Depot,28.6740923,77.2434449
5743514560,Nityanand Marg,28.668169,77.2254571
5745227190,Bank Colony,28.6981026,77.3124137
5745228116,Nityanand Marg,28.6680786,77.2252285
5755441011,Govindpuri Metro Station,28.5452631,77.2640838
5755441124,Kalkaji Temple,28.5481963,77.2630223
5758563810,"National Agricultural Science Centre, Dasghara",28.625457,77.1622651
5758572044,Azad Market,28.6631328,77.2076461
5758572045,Model Basti,28.65731,77.2037473
5758573197,Ice Factory,28.6665132,77.2090332
5758573198,Bara Hindu Rao,28.6609482,77.2043713
5758573201,Prithviraj Road Crossing,28.5974906,77.2199887
5758573202,Andrews Ganj,28.5659656,77.2307287
5758573254,Faiz Road,28.6484724,77.1992947
5758573255,"Indrapuri, A Block",28.6286043,77.1511026
5758573256,Karol Bagh (Telephone Exchange),28.6431314,77.1815371
5758573257,Sadhu Vaswani Marg,28.6444635,77.1927881
5758573258,Meghdoot Bhawan,28.6439903,77.2009424
5758573268,National Museum,28.6111328,77.2184143
5758573269,Max Mueller Marg,28.5961741,77.223297
5758573270,Panchsheel Enclave,28.5430982,77.2313527
5758573654,Guru Govind Singh Marg More,28.6529834,77.2024211
5758573710,Sadhu Vaswani Marg,28.6447705,77.1932092
5758573711,"Panchkuian Road, Banwari Lal Hospital",28.6416656,77.2046798
5758573713,Claridges Hotel,28.6027708,77.2178592
5758573714,Max Mueller Marg,28.5954759,77.2234802
5758573715,Unnamed Stop,28.524748,77.2304438
5761966320,Rajghat Depot,28.6408893,77.2576586
5767823779,Manglapuri Terminal,28.5898392,77.0864157
5767823780,Unnamed Stop,28.5872985,77.0864475
5768476014,Unnamed Stop,28.6446776,77.1973019
5768476015,Unnamed Stop,28.5214076,77.0984784
5777854549,Saint Stephen's Hospital,28.6670219,77.2154425
5778514128,Govindpuri Metro Station,28.545106,77.2638852
5792048834,Akashwani Bhawan,28.6207084,77.2105871
5792049362,Tyagraj Marg,28.6090937,77.2030378
5799050649,Hauz Rani,28.5284793,77.2120102
5799663729,Palika Kendra,28.6287399,77.2164738
5807089608,Patparganj Mor,28.617463,77.2872034
5810595110,Ayurvigyan Nagar,28.561419,77.2221576
5810962662,Press Apartment,28.6229829,77.2982356
5810962663,Press Apartment,28.6227292,77.2982571
5812151723,Maharani Bagh,28.5749652,77.2624255
5812151730,Kalkaji Depot,28.5373172,77.2674707
5812151733,Samaspur Jagir Village,28.6154266,77.2855959
5818160625,Ramakrishna Puram Sector 9,28.5741142,77.1688732
5818160628,Srinagesh Garden,28.5965173,77.14053
5818160630,Cantonment General Hospital,28.5999556,77.124935
5818160632,Janakpuri D Block,28.6077149,77.1040283
5818160993,Moti Bagh Gurudwara Nanakpura,28.5836865,77.1728825
5818160995,"C-2, Janakpuri",28.6156835,77.0817561
5818160997,C-1 Janakpuri,28.6171189,77.0787538
5818161002,Keshavpur Depot,28.6530495,77.0875558
5818161003,Major Bhupinder Singh Nagar,28.6472045,77.084515
5818161004,Meera Bagh,28.6587271,77.090915
5818161005,Sunder Apartment,28.6654199,77.0921355
5818161007,Peeragarhi Crossing,28.6790777,77.0942683
5818161008,Peeragarhi Crossing,28.6800481,77.094456
5818161009,Unnamed Stop,28.6900027,77.096444
5818161010,Unnamed Stop,28.6921286,77.098322
5818161023,Unnamed Stop,28.6948343,77.1064864
5818161048,Bhajanpura,28.7036953,77.2634015
5818161049,Yamuna Vihar (Brijpuri),28.7027607,77.275319
5818161050,C Block Yamuna Vihar,28.702424,77.2784855
5818161052,"MIG Flats, Loni Road",28.7005852,77.2956814
5818161118,Kirby Place,28.605251,77.1263346
5818161119,Supply Depot,28.6066057,77.1231758
5818161120,Janakpuri D Block,28.6078702,77.1036598
5818161121,Sagarpur,28.6091456,77.0995916
5818161123,Janak Cinema,28.6110155,77.0919578
5818161144,Tilak Pul,28.6212817,77.0700732
5818161145,A-1 Janakpuri,28.624231,77.0677606
5818161146,Uttam Nagar Terminal,28.6261254,77.06831
5818161147,Vikaspuri Crossing,28.6270083,77.0707038
5818161148,Dholi Piao,28.6288802,77.0754843
5818161149,District Centre,28.630246,77.0782068
5818161150,District Centre Janakpuri,28.6326959,77.0809844
5818161151,Krishna Park,28.639242,77.0815724
5818161336,West Enclave,28.6936273,77.1023867
5818161517,Rohini Depot 3,28.6954886,77.1089999
5818161518,Deepali Chowk,28.69822,77.1190973
5818161519,Saraswati Vihar,28.7002238,77.1249359
5818161520,Pitampura (RU Block),28.7075667,77.1340957
5818161521,Unnamed Stop,28.7106191,77.1366511
5818161522,Uttari Pitampura,28.7150779,77.1389885
5818161523,Metcalf House,28.6835551,77.2293096
5818161524,Khajuri,28.7047302,77.2570139
5818161529,Shahdara Border,28.6777054,77.3235253
5818161555,Haiderpur (Waterworks),28.7213775,77.1403451
5818161556,Unnamed Stop,28.728757,77.1460895
5818161557,Mukarba Chowk,28.7323054,77.1520709
5818161558,Mukarba Chowk,28.7348678,77.1554035
5818161560,Unnamed Stop,28.7337736,77.1838322
5818161561,Burari Crossing,28.7285944,77.1993251
5818161562,Unnamed Stop,28.7223662,77.2164579
5818161563,Unnamed Stop,28.719635,77.2234395
5818161564,Shyam Giri Mata Mandir,28.6741453,77.2475597
5818161565,Unnamed Stop,28.7033627,77.2558292
5818161572,Bhalswa Crossing,28.7376117,77.1682167
5818161653,Nand Nagari Depot,28.6991007,77.3061771
5818161654,Bank Colony,28.6983823,77.3109737
5818161655,Gagan Cinema,28.6957346,77.3153785
5818161656,Anand Gram Ashram,28.6886264,77.3193923
5818161657,Anand Gram,28.688779,77.3215819
5818161659,Dilshad Garden J & K Block,28.6792515,77.3245013
5819987423,Unnamed Stop,28.6763258,77.3224486
5819987432,"Cantonment General Hospital, Kotwali Road",28.5991788,77.1257226
5819987434,Nirman Vihar,28.6367112,77.287496
5819987435,Shahadra Border,28.6775777,77.3234859
5819988027,Mukarba Chowk,28.7349081,77.1554817
5819988038,Mukarba Chowk,28.7322234,77.1519452
5822184061,Supreme Court‌ Metro Station,28.6240594,77.2406647
5822184062,Hasanpur Village,28.6362818,77.3103314
5822184063,Hasanpur Village,28.6359908,77.3108178
5822184064,Laxmi Nagar,28.6312818,77.278804
5848631983,RR Lines,28.6039435,77.1574134
5848633050,ESI Hospital,28.6591092,77.1287595
5848633382,Rajouri Garden,28.6453229,77.1268499
5848634709,Dhaula Kuan,28.5990016,77.1626558
5848634710,Garrison Engineering,28.6051072,77.1468848
5848634711,Barar Square,28.6098994,77.1391289
5848635021,Naraina Village,28.6186074,77.1361678
5848635122,Unnamed Stop,28.6256596,77.1342096
5848635213,Mayapuri Crossing,28.6383776,77.1294343
5848635570,Unnamed Stop,28.6559436,77.1257337
5848636593,Punjabi Bagh (Terminal),28.6677871,77.1373898
5848636594,Punjabi Bagh (Terminal),28.66799,77.1372421
5848636595,Punjabi Bagh (Terminal),28.6673005,77.1373216
5848636929,Punjabi Bagh (Terminal),28.6673924,77.1357885
5848636930,ESI Hospital,28.6583462,77.1286421
5848637037,Punjabi Bagh Club,28.6634396,77.1312672
5848637196,Rajdhani College,28.6548098,77.1254957
5848637197,Rajouri Garden Market,28.6456437,77.1270066
5848637384,Naraina Village,28.6180857,77.1366643
5848637631,Mayapuri Crossing (Ring Road),28.6385935,77.1297775
5848637798,Naraina Vihar,28.6242681,77.1353225
5848637799,RR Lines,28.6042724,77.1551352
5848637933,COD (Ring Road),28.6131217,77.1371586
5848637934,Garrison Engineering,28.6054334,77.1473854
5848637935,Defence Officers Mess (Dhaula Kuan),28.5994987,77.1625665
5848637985,Barar Square,28.6073975,77.1417894
5848637986,Dhaula Kuan,28.5995883,77.1624365
5848638007,Satya Niketan,28.5851469,77.1724683
5848638158,Batra Hospital,28.5123659,77.243835
5848638309,PSRI Hospital,28.5314836,77.2238198
5848638310,Madangir DDA Flats,28.5203153,77.2283811
5880870401,Pushta X-ing,28.6122003,77.2824952
5978068723,Thana Deshbandhu Gupta Road,28.652629,77.1928147
5978091788,Deshbandhu Gupta Market,28.6526762,77.1932693
6005139388,Shuttle bus to Terminal 3,28.5645266,77.1209496
6053797350,Lodhi Hotel/Shiv Mandir,28.5917847,77.2401881
6071158914,NBCC Ghitorni,28.4952978,77.1529776
6071161048,Aya Nagar Crossing,28.4812559,77.1262193
6077096067,Golf Club,28.6013564,77.2378345
6077096069,Bal Bhawan,28.6291497,77.2380081
6077096258,Bal Bhawan,28.6289742,77.2378304
6077096430,Jaipur House,28.6094757,77.233186
6077096433,Kali Mandir,28.6361915,77.2252945
6086075001,Supreme Court,28.6229111,77.2404617
6093120976,Unnamed Stop,28.5479142,77.1208475
6112155497,Andrews Ganj,28.566176,77.2299551
6115749033,Deshbandhu College,28.5412448,77.2556979
6115749034,"B Block, Kalkaji",28.5435229,77.2515285
6176083280,DESU Colony,28.6099666,77.0949416
6198752458,New Friends Colony,28.5666551,77.2623609
6198752461,Ishwar Nagar,28.5615372,77.2661563
6198752463,Ishwar Nagar,28.561703,77.2665041
6203987725,Lodhi Garden,28.5900753,77.2207668
6203988021,Lajpat Nagar (DJB),28.5707329,77.2467639
6213742113,Patel Chowk,28.6227577,77.214227
6213742114,Patel Chowk,28.6221385,77.2147533
6218489400,Institute of Pharmacy (DIPSAR),28.5163347,77.2237333
6221553127,Unnamed Stop,28.5104442,77.1703286
6221553469,Chhattarpur Crossing,28.5040851,77.1760209
6221553470,Aya Nagar Crossing,28.4797782,77.12472
6221553768,Chhattarpur Mandir,28.5023546,77.1820388
6221553769,Ghitorni Village,28.4934906,77.1489316
6221554147,Chhattarpur Crossing,28.5049514,77.1740393
6223283998,IP College,28.6819459,77.223566
6223284347,Vishwa Vidyalaya Metro Station,28.6950541,77.2154249
6225470849,"Sanatan Dharm Mandir, Shankar Road",28.6366544,77.1830423
6225470850,"Main Market, Shankar Road",28.6386524,77.1793744
6225470851,Payal Cinema,28.6308237,77.1383099
6225470852,LIG Flats,28.6307637,77.1195468
6225478357,Shadipur Colony,28.6516613,77.1565319
6225478959,New Delhi Post Office,28.625536,77.2066437
6225479360,Gurudwara Bangla Sahib,28.6280479,77.2093211
6225479426,NDPO,28.6234372,77.206507
6225479440,West Patel Nagar,28.6474846,77.1648807
6225479464,Pandav Nagar,28.6500237,77.1536755
6225479657,Unnamed Stop,28.6211647,77.2053434
6225479669,Doctor Ram Manohar Lohia Hospital,28.6246556,77.197969
6225479670,Talkatora Stadium,28.6261156,77.1963845
6225479821,Gurudwara Rakab Ganj,28.6209936,77.2052757
6225479822,Talkatora Road,28.6231411,77.201589
6225480084,East Patel Nagar,28.6423776,77.1734884
6225480085,Patel Nagar Metro Station,28.6452596,77.1685119
6225480086,West Patel Nagar,28.6473207,77.1651487
6225480137,Loha Mandi,28.6394355,77.1438843
6225480215,Naraina Depot,28.648745,77.1512675
6225480472,Unnamed Stop,28.6368544,77.1832117
6225480474,Talkatora Road,28.623296,77.2017242
6225480505,Mayapuri Crossing,28.6367797,77.1290412
6225480506,Government Press,28.6343416,77.12774
6225480567,Deen Dayal Upadhyay Hospital,28.6281608,77.1111
6225480912,LIG Flats,28.6309146,77.119637
6225481113,Beriwala Bagh (Sai Vatika),28.6311145,77.1121864
6225481115,Hari Nagar Shaheed Pawan Sahni Chowk,28.62465,77.1105296
6225481121,Unnamed Stop,28.641367,77.1450607
6225481228,Mayapuri Crossing,28.6367106,77.1283901
6225481229,Unnamed Stop,28.6268698,77.1353076
6225481230,Unnamed Stop,28.6447674,77.1477666
6225481390,Hari Nagar (Mohan Mandir),28.6307216,77.1242288
6225481432,Payal Cinema,28.6313498,77.1383163
6225481433,Naraina Depot,28.6489666,77.1511255
6225481434,Pandav Nagar,28.6501272,77.1532783
6225481463,"Fire Station, Shankar Road",28.6410137,77.1760738
6225482595,Gurudwara Rakab Ganj,28.621144,77.2053927
6225482764,Talkatora Stadium,28.6263276,77.1965272
6225482786,Doctor Ram Manohar Lohia Hospital,28.6250194,77.1988472
6225482787,Barakhamba Metro Station,28.6298089,77.2252547
6225764788,Hari Nagar (Mohan Mandir),28.6305256,77.1244808
6225764789,Beriwala Bagh (Sai Vatika),28.6312707,77.112321
6225764790,Balco Apartment,28.6298181,77.306817
6225764791,Balco Apartment,28.6298084,77.306697
6225764792,Kendriya Terminal,28.6214968,77.206216
6255913361,Sukhdev Bus Depot,28.5544873,77.2714816
6257738478,International Student Hostel,28.6960975,77.211643
6257738479,International Student Hostel,28.6961852,77.2123152
6257738481,International Student Hostel,28.6961578,77.2115057
6257738692,International Student Hostel,28.6962177,77.2121837
6257869679,Social Works School,28.6935052,77.2174545
6258175364,Dhaula Kuan,28.5992985,77.1628506
6258192680,Telephone Exchange,28.6862375,77.1511262
6258192681,New Police Lines,28.6991269,77.2031937
6258192683,Azadpur,28.7074434,77.1802053
6258194006,Vishwa Vidyalaya Metro Station,28.6951306,77.2139464
6258194788,Lajpat Nagar,28.5652036,77.2428237
6258194790,Prem Bari Pul,28.7000051,77.1585444
6258194797,Moti Bagh Gurudwara Nanakpura,28.5844851,77.1729158
6258194798,Alpana Cinema,28.7026685,77.1937449
6258194799,South Extension,28.5688495,77.2210896
6258194804,Shakurpur Village,28.6808891,77.1431829
6258194805,Britannia,28.6849333,77.1492125
6258194807,Shalimar Bagh Richi Rich,28.7014255,77.1638061
6258194809,South Extension,28.5688534,77.2210275
6258194811,Punjab Kesari,28.6959047,77.1557144
6258194812,Aradhna Enclave,28.5745204,77.1786273
6258194814,Nauroji Nagar,28.5696612,77.1955939
6258194816,Shalimar Bagh Crossing,28.7030105,77.1685947
6258194817,Guru Tegh Bahadur Nagar,28.698289,77.2065886
6258194818,Ashok Vihar Crossing,28.7019197,77.1653293
6258194819,Guru Tegh Bahadur Nagar,28.6982997,77.2056279
6258194824,Richi Rich,28.7008761,77.1621162
6258194825,Guru Tegh Bahadur Nagar,28.6979458,77.2065461
6258194826,Unnamed Stop,28.7041777,77.1901346
6264851924,Mori Gate Terminal,28.6661191,77.2216526
6274317077,Unnamed Stop,28.5148818,77.2966416
6274317079,Satya Narayan Temple,28.5123833,77.2433444
6274317080,Madanpur Khadar,28.5294564,77.2879787
6274317083,Unnamed Stop,28.513077,77.2973685
6274317084,Shahin Bagh,28.5430684,77.3028852
6274319088,Kalindi Kunj,28.5452187,77.3059891
6274319089,"K-Block, Sarita Vihar",28.5387286,77.2922202
6274319090,Jasola Vihar,28.540803,77.2971979
6274736838,Shahin Bagh,28.5427896,77.303097
6274736839,Madanpur Khadar,28.5293253,77.2884631
6274736847,Jasola Vihar,28.5403159,77.2968071
6274736848,Unnamed Stop,28.5433787,77.3104561
6274736849,MB Road,28.5057529,77.2763879
6274736851,"K-Block, Sarita Vihar",28.5382341,77.2918294
6274736855,Kalindi Kunj,28.5450463,77.3062484
6274736861,Haldiram,28.5193241,77.2951943
6274736865,Air Force Station,28.5117048,77.255419
6274848295,Lado Sarai Crossing,28.5238746,77.1899226
6274848296,Kaya Maya Hospital,28.5080415,77.2693562
6274848297,Prem Nagar,28.5041406,77.2790042
6274848298,Lal Kuan,28.5022526,77.284563
6324833176,Sadiq Nagar,28.5562486,77.2294367
6335221842,Safdarjung Terminal,28.5797388,77.2135669
6335221844,Unnamed Stop,28.5652633,77.1828926
6335221845,Rama Krishna Puram NAB,28.5610492,77.1757307
6335221849,Safdarjung Terminal,28.5798197,77.2127348
6335221851,Africa Avenue,28.5696037,77.1912752
6335221852,Safdarjung Terminal,28.5798004,77.2128564
6335221853,Safdarjung Terminal,28.5797484,77.2134553
6336918972,Safdarjung Terminal,28.579632,77.2142591
6336918973,Safdarjung Terminal,28.5796416,77.2141475
6341209903,DDA Flats Kalkaji,28.5284717,77.2578939
6341209907,Unnamed Stop,28.533089,77.2596576
6341801997,Lajpat Nagar,28.5654623,77.2456272
6349285037,Unnamed Stop,28.5426109,77.2184133
6349423441,Unnamed Stop,28.5235105,77.2751265
6349423443,ESI Hospital,28.5158488,77.2804196
6349423447,"C Block, East of Kailash",28.5618247,77.2581752
6349423449,Kalkaji Temple,28.5476527,77.2628734
6349423450,Unnamed Stop,28.5647344,77.2426305
6349423451,Okhla Phase 1,28.5205138,77.2772245
6349423453,Kalkaji Depot,28.5393446,77.2662362
6349423455,NSIC,28.5555763,77.2650684
6349423461,South Extension,28.5687149,77.2168955
6349423473,Unnamed Stop,28.5647437,77.2428088
6349688640,Unnamed Stop,28.5236132,77.2753695
6362074950,Sarai Kale Khan,28.5871429,77.2590455
6362085189,Nizamuddin Road Bridge,28.6038715,77.2535815
6362085190,Indraprastha Park,28.6013839,77.2544226
6362085191,Railway Road Bridge,28.6096798,77.2517266
6362085192,Indraprastha Park,28.6014657,77.2548476
6362085193,Railway Road Bridge,28.6098126,77.2516813
6362098882,Indraprastha Depot,28.6201272,77.2484623
6362098883,IP Power Station,28.6244444,77.2470934
6362099786,IP Power Station,28.6243294,77.2471416
6362111126,Shanti Van,28.6496936,77.2458704
6362111127,Raj Ghat,28.6414512,77.2466814
6362111128,Raj Ghat,28.6413268,77.2466842
6362124016,India Gandhi Delhi Technical University for Women,28.6648132,77.2344593
6362124017,India Gandhi Delhi Technical University for Women,28.664897,77.2343735
6362124019,ISBT,28.6712443,77.2311014
6362124020,Unnamed Stop,28.6629096,77.2367039
6362177871,Mall Road,28.6934727,77.218341
6362177875,Postal Account Office,28.6837019,77.2220926
6362177876,Indraprastha College,28.6818697,77.2244688
6362177877,Metcalfe House,28.6807977,77.2276779
6362341626,University of Delhi,28.6881517,77.2148081
6362341629,University of Delhi,28.6883446,77.2147882
6362341636,Saint Stephen's College,28.6857799,77.2093816
6362341637,Hindu College,28.6855933,77.2095525
6362401187,Mall Road,28.693759,77.2186765
6362401194,Metcalfe House,28.6805077,77.2283957
6362401201,Postal Account Office,28.6837278,77.2223013
6362607168,Railway Road Bridge,28.6109628,77.2518525
6362607175,Nizamuddin Road Bridge,28.6033545,77.2543364
6362607181,Raj Ghat,28.6416462,77.2471341
6362607183,Safdarjung Hospital,28.569473,77.2036422
6362609786,Pragati Power Station,28.6159829,77.250189
6362609787,Indira Gandhi Stadium,28.632931,77.2471895
6362609793,Safdarjung Hospital,28.5694697,77.2035074
6362609799,IP Power Station,28.6241202,77.2477472
6362609800,Vardhman Mahavir Medical College,28.5694594,77.2032978
6362609801,All India Institute of Medical Sciences,28.5688593,77.2133067
6362609803,Gurudwara Bala Sahib,28.5820503,77.2656215
6371764317,Hazarat Nizamuddin,28.5912957,77.2448653
6371772374,Udyog Bhawan,28.6103927,77.213107
6371772375,Jaipur House,28.6090173,77.2331909
6371772376,Akbar Road,28.6114743,77.2345644
6371772377,Nirman Bhavan,28.6101775,77.2171485
6372277576,Lajpat Nagar (DJB),28.57064,77.2465736
6372277578,Dargah Hazarat Nizamuddin,28.5914324,77.2450795
6372277579,Golf Club,28.6014489,77.2380348
6372277580,Akbar Road,28.610703,77.2260823
6372277581,Nirman Bhavan,28.6103772,77.2171417
6372277582,Udyog Bhawan,28.6105302,77.2131076
6376908204,Bus stop,28.6173986,77.1108958
6380433746,Govindpuri,28.539434,77.2621608
6380433748,Unnamed Stop,28.5417042,77.2630065
6380447545,Majeedia Hospital,28.5153692,77.2527041
6385492244,Hazarat Nizamuddin,28.5896162,77.2463837
6385537594,Bapa Nagar,28.6057245,77.2350784
6385537600,Bapa Nagar,28.6057921,77.2352546
6385537605,Patel Chowk,28.6245052,77.2112244
6385598109,Rajouri Garden,28.6477288,77.1198703
6385598117,Moti Nagar Industrial Area,28.6573054,77.148548
6385598121,Raja Garden,28.6506712,77.1261685
6385598122,Ramesh Nagar,28.6527642,77.1323989
6385598137,Moti Nagar,28.6589336,77.1441893
6385598145,Moti Nagar,28.6588044,77.1446329
6385598148,Shadipur Depot,28.6529113,77.1557035
6385672549,Subhash Nagar,28.6419076,77.1089733
6385672552,Khyala Mod,28.6430476,77.1070686
6385672554,Subhash Nagar,28.6424288,77.1092966
6385672555,Titarpur,28.6440457,77.1136679
6385672561,Unnamed Stop,28.652213,77.095828
6385672567,Subhash Nagar,28.6418074,77.1087611
6385672575,Unnamed Stop,28.6446665,77.1007467
6386259486,Unnamed Stop,28.6447325,77.1007647
6386259487,Khyala Mod,28.6431519,77.107442
6386259488,East Patel Nagar,28.6425916,77.1736711
6386259489,Patel Nagar Metro Station,28.6455858,77.1686983
6386259490,"Main Market, Shankar Road",28.6388534,77.1795291
6386259491,West Patel Nagar,28.6476055,77.1653134
6386259492,Shadipur Depot,28.6531934,77.1560276
6386259493,Moti Nagar Industrial Area,28.6575273,77.1487932
6386259494,Ramesh Nagar,28.653031,77.1323262
6386259496,Raja Garden,28.6510562,77.1260995
6386259497,Rajouri Garden,28.6479797,77.1196514
6386259498,Titarpur,28.64431,77.113418
6386259703,"Fire Station, Shankar Road",28.6408496,77.1759259
6395633514,Unnamed Stop,28.5658695,77.1941604
6395633515,Unnamed Stop,28.5660401,77.1941895
6395633516,Kamal Cinema,28.5652549,77.1989445
6395693840,Unnamed Stop,28.5657707,77.2492549
6395693841,Unnamed Stop,28.5657619,77.249172
6395693844,Maharani Bagh,28.57658,77.2642853
6395753659,Bharti Public School,28.6061264,77.333949
6395753661,Mayur Vihar Phase 3,28.6018747,77.3259814
6395753662,Pushta X-ing,28.6130976,77.2820443
6395753667,Fire Station Dallupura,28.6051307,77.3225738
6395753668,Dallupura,28.6087447,77.3200259
6395753673,Mayur Vihar Phase 3 A-1 Block,28.6087298,77.3372115
6395753675,CRPF Camp Mayur Vihar Phase 3,28.6117963,77.3398531
6395753682,Old Kondli,28.6131193,77.3229073
6395754692,Shashi Garden Mor,28.6135931,77.2941183
6395754693,New Kondli A1,28.6029549,77.3291546
6395824641,New Kondli A1,28.6029201,77.3294806
6395824642,Unnamed Stop,28.615089,77.3198415
6395824643,Dallupura,28.6086266,77.3199705
6395824645,Super Bazar,28.6133251,77.3163461
6395824646,Mayur Vihar Phase 3 Crossing,28.6015681,77.3274635
6395824647,Mayur Vihar Phase III,28.6013974,77.3261466
6395824648,Mayur Vihar Phase 3 A-1 Block,28.608463,77.3373236
6395824651,Sri Sankatahara Ganapathy Temple,28.6031684,77.3245951
6395824652,CRPF Camp Mayur Vihar Phase 3,28.6114671,77.3398765
6395824653,Shashi Garden Mor,28.6134875,77.2936752
6395824656,Bharti Public School,28.6052972,77.3331155
6395824657,Chand Cinema,28.6128241,77.3127259
6395824658,Old Kondli,28.6128745,77.3228709
6395824659,Kotla Village,28.6131526,77.3014585
6395824660,ITI Khichripur,28.6127335,77.297562
6395856433,Khel Gaon,28.6059774,77.2748841
6395856441,Sarai Kale Khan,28.5965002,77.2565077
6396989716,Unnamed Stop,28.6151889,77.3199159
6396989720,Trilokpuri Block 13,28.6126165,77.3061776
6396989742,Khel Gaon,28.6066413,77.2742754
6396990715,Kamal Cinema,28.565123,77.1989684
6403596408,Jyoti Nagar Bus Stop,28.689405,77.2910661
6404197725,Police Station Parliament Street,28.6254207,77.2144132
6404294341,AIIMS,28.5668754,77.2079771
6404370458,Unnamed Stop,28.5311116,77.2002773
6406978376,Devli Crossing,28.5138992,77.2349329
6411418995,Chhattarpur Crossing,28.5053288,77.175152
6411418997,Unnamed Stop,28.5062344,77.1753302
6411418999,Unnamed Stop,28.5000624,77.1843084
6411489550,Rajpur Extension,28.4890339,77.1861972
6411489551,Chandan Hola,28.4719176,77.1868107
6411489553,Nanda Hospital,28.4938628,77.1846785
6411489555,Unnamed Stop,28.4957337,77.184816
6411489557,Fatehpur Beri,28.4596757,77.1847216
6411489558,Mallu Farm,28.4757029,77.1872904
6411489559,Bhati Mines,28.429989,77.2259913
6411489561,Unnamed Stop,28.45713,77.1841351
6411489562,Harswaroop Colony,28.4546608,77.1837917
6411489563,Radha Swami Satsang,28.4423432,77.1916568
6411489566,Unnamed Stop,28.4672612,77.1869523
6411489567,Radha Swami Satsang,28.4421253,77.191658
6411489568,Sawan Public School,28.4386843,77.198325
6411489569,Unnamed Stop,28.4267215,77.2239025
6411489571,Unnamed Stop,28.4983128,77.1851125
6411489572,Unnamed Stop,28.4818245,77.1878329
6411489573,Unnamed Stop,28.4364859,77.20513
6411489574,Shani Dham Mandir,28.4635798,77.1865264
6411489575,Unnamed Stop,28.4497951,77.1843914
6411571291,Nanda Hospital,28.4931852,77.1846319
6411571293,Unnamed Stop,28.4571662,77.1839036
6411571296,Rajpur Extension,28.487795,77.1862989
6411571297,Unnamed Stop,28.4703361,77.1869843
6411571301,Shani Dham Mandir,28.4634459,77.1861501
6411571303,Satbari Village,28.4814985,77.1873412
6411571306,Indira Nagar,28.4384025,77.1984491
6411571308,Harswaroop Colony,28.4548905,77.1834855
6411571313,Chhattarpur Mandir,28.5022863,77.1813843
6411693512,Jyoti Nagar,28.6892729,77.2913487
6412437959,Fatehpur Beri,28.4596367,77.1848747
6412437961,Ber Sarai,28.5508217,77.1814549
6412437962,School of Physical Science,28.5465525,77.1792394
6412437963,Unnamed Stop,28.4983161,77.1849042
6412437964,Unnamed Stop,28.4957468,77.1845931
6412437965,Unnamed Stop,28.4673143,77.1867523
6412437966,Unnamed Stop,28.4266209,77.2238673
6412437967,Unnamed Stop,28.4493798,77.1843705
6412437968,Unnamed Stop,28.4362633,77.2049886
6412759702,Gazipur Village,28.6321582,77.3161152
6413372973,Khichdipur Village,28.6244562,77.3095867
6413546385,Dhaula Kuan,28.5907972,77.1683456
6419226648,Metro Station GTB Nagar,28.6982148,77.2046888
6458625085,B Block Kalkaji,28.5437102,77.2515207
6459196234,"G Block, Kalkaji",28.5401431,77.2583874
6459196239,Deshbandhu College,28.5412452,77.255924
6459239174,DDA Flats Kalkaji,28.5285768,77.2577065
6464796820,Badarpur,28.5020132,77.3002755
6466146294,Sarvapriya Vihar,28.5436158,77.2050708
6466294295,Kabul Line,28.5977312,77.1287568
6466294308,Lajwanti Garden,28.6119311,77.1093549
6466294316,Dabri Crossing,28.6137145,77.085582
6466308408,Tilak Pul,28.6216058,77.0700105
6466308409,Vashisht Park,28.6092125,77.1009964
6466308410,Raghu Nagar,28.6129863,77.0885223
6466308411,"C-1, Janakpuri",28.6174335,77.0785095
6466308412,Janak Cinema,28.6110422,77.0930511
6466308413,"C-1, Janakpuri",28.6181798,77.0769923
6466308414,Jeevan Park,28.6199828,77.0732138
6466308415,"C-2, Janakpuri",28.6160175,77.0809458
6466308416,DESU Colony,28.6099928,77.0953275
6466354695,Tigris Road Junction,28.58961,77.1283216
6466354696,Janak Setu,28.6106913,77.1139028
6466354698,Geeta Ashram Sadar Bazar,28.5918183,77.1210586
6466354699,Base Hospital,28.5895047,77.1198339
6466354700,Lajwanti Garden,28.6140066,77.1061626
6466354702,Supply Depot,28.6067847,77.123219
6466354703,Shastri Bazar,28.5967322,77.1349593
6466354705,Rajasthan Rifles Centre,28.5961804,77.1503686
6466354707,Sadar Bazar,28.5948871,77.1225551
6466354708,Kendriya Vidyalaya Number 1,28.5894571,77.1196096
6466354709,Kirby Place,28.6044019,77.1273369
6466354710,Cantonment General Hospital,28.5984798,77.1243844
6466425260,Ramakrishna Puram Sector 9,28.5743716,77.1688861
6466670293,Uttam Nagar Terminal,28.6255321,77.0658624
6467719941,Dhaula Kuan,28.5904454,77.1689065
6470520703,Police Station Parliament Street,28.6258453,77.2144015
6475016779,Unnamed Stop,28.5619638,77.272519
6475031485,Ashram,28.5716098,77.2592074
6475063266,Unnamed Stop,28.5555543,77.2979229
6475118802,Okhla Extension,28.5466391,77.3069627
6475194127,Unnamed Stop,28.5621142,77.2858181
6475194128,Taimoor Nagar,28.5724371,77.2660248
6475194130,Bharat Nagar,28.5668811,77.269374
6475194135,Jamia College,28.560938,77.2800808
6475194139,Unnamed Stop,28.5618474,77.2725669
6475194142,Unnamed Stop,28.5614575,77.2724739
6475194143,Okhla Terminal,28.5632161,77.2912618
6475194145,Unnamed Stop,28.5646119,77.2882626
6475194159,Bharat Nagar,28.5669513,77.2695631
6475194160,Unnamed Stop,28.5489989,77.3040496
6475194164,Maharani Bagh,28.5748673,77.2622818
6475259568,South Extension,28.5685582,77.2203809
6475259569,Andrews Ganj,28.5660896,77.2291999
6475810264,Unnamed Stop,28.5554983,77.2978333
6475810265,Unnamed Stop,28.5647308,77.2881585
6475810266,Jamia College,28.5611029,77.2800904
6475810267,New Friends Colony,28.5666931,77.2627419
6475810268,Okhla Terminal,28.5632255,77.2914
6482225168,Maujpur Bus Stand,28.6903152,77.2792837
6482312759,Chajjupur Bus Stop,28.6895299,77.2869094
6482325730,Shyam Lal College,28.6729865,77.282709
6482325731,Shyam Lal College,28.673706,77.2835458
6482325732,Bihari Colony,28.6707749,77.2807958
6482325733,Kanti Nagar Extension,28.6706081,77.2805909
6482325734,Jharkhand,28.6679259,77.2821827
6482325735,Jharkhand,28.6678926,77.2818191
6482325736,East Azad Nagar,28.6661727,77.2838867
6482325737,East Azad Nagar,28.6665857,77.2829903
6482325748,Swarn Cinema,28.6636078,77.2859089
6482325749,Swarn Cinema,28.6626675,77.2862452
6482482019,Krishna Nagar A Block,28.6611224,77.2878045
6482482020,Krishna Nagar A Block,28.6598379,77.2883737
6490310059,Madangir DDA Flats,28.5202191,77.2283403
6491633189,Ambedkar Nagar Sector 4,28.5243035,77.2373816
6491633191,Ambedkar Nagar Sector 4,28.5243907,77.2374929
6494105885,ITPO,28.6152927,77.2403725
6497625779,PGDAV College,28.5673053,77.2528017
6497625780,PGDAV College,28.567441,77.2528632
6497707579,Hindon Regulator,28.584888,77.300621
6497707580,Samachar Apartments,28.5977909,77.2920858
6497707582,Delhi Police Apartment,28.603958,77.2890575
6499076102,Sanjay Gandhi Transport Nagar,28.7391292,77.1538831
6499076104,Sanjay Gandhi Transport Nagar,28.7392763,77.1538754
6501871247,Tikri Khurd,28.8359752,77.1282719
6518840166,Nehru Place,28.5480826,77.2551553
6524281778,D.D.A M.I.G Flats,28.6992342,77.291752
6539195579,D.D.A. Flat L.I.G.,28.6960493,77.2918544
6539195580,D.D.A. Flat L.I.G.,28.6959826,77.2916389
6544975573,Sarita Vihar,28.532311,77.2871256
6544975574,Sarita Vihar,28.532179,77.2867581
6546766984,Mansarovar Park Metro Station,28.6755821,77.3001074
6546811485,Mansarovar Park Metro Station,28.6757386,77.300102
6546811488,Telephone Exchange,28.6760238,77.3090512
6546811489,Mansarovar Park,28.6757791,77.3090297
6546811517,Dilshad Garden GT Road,28.6760775,77.3115068
6546811518,Dilshad Garden GT Road,28.6758798,77.3116919
6546825207,Welcome Colony Seelampur,28.6720127,77.2733829
6546825208,Welcome Colony Seelampur,28.6719045,77.2751156
6555686185,Ashram,28.5714494,77.259321
6555867881,Kalka Mor,28.5573143,77.2697178
6555896817,Sukhdev Bus Depot,28.5547013,77.2716647
6555896818,CRRI,28.5500925,77.2751557
6555896819,Okhla Tank,28.5481728,77.276777
6557590574,Harkesh Nagar,28.5437086,77.2792439
6557590575,Harkesh Nagar,28.5438924,77.2795175
6557590576,Apollo Hospital,28.5405654,77.2822614
6557590577,Apollo Hospital,28.5395169,77.2825376
6559377937,Haldiram,28.5193755,77.2948609
6559996333,Jaitpur Mor,28.4969423,77.302066
6593510079,Maruti Factory,28.5222479,77.2937664
6681064383,Kishangarh 2,28.5223574,77.1679844
6681358503,Chhattarpur Metro Station,28.508117,77.1758732
6681358504,Kishangarh,28.5210018,77.1649969
6717668041,Unnamed Stop,28.5931351,77.2233605
6766175603,PT College (Kotla),28.5699931,77.2263879
6766995948,Defence Colony (Homeopathic College),28.5720544,77.2275298
6769351754,DDA Flat Kalkaji Terminal,28.5281777,77.2559936
6771396254,RK Puram Sector 3,28.5587422,77.1822676
6771396257,RK Puram Sector 3,28.5567409,77.1849435
6771396258,RK Puram Sector 4,28.5617258,77.1810519
6771396264,RK Khanna Tennis Stadium,28.5583159,77.1869842
6773338022,DDA Flats Kalkaji,28.5278514,77.2573842
6773338023,DDA Flats Kalkaji,28.5294314,77.252225
6786032368,Sukhdev Vihar,28.5741965,77.2290356
6820758891,Shuttle Bus to Terminal 1 - Pillar 10. ₹25,28.555549,77.0853221
6832945793,Marina Hotel,28.6369093,77.2185037
6835420775,Unnamed Stop,28.5145782,77.1639398
6835463097,Mehrauli Terminal,28.5212906,77.182885
6835463098,Mehrauli Terminal,28.5227124,77.1821826
6837519206,Govindpuri,28.5392532,77.262086
6837519215,DDA Flats Kalkaji,28.5318368,77.2589331
6841232276,Badarpur Border,28.4940776,77.3030192
6847251185,Panchkuian Road,28.6401007,77.2066329
6853514729,Supreme Court,28.6196983,77.2364258
6853682644,Vasant Vihar F Block,28.5603976,77.1614205
6853682647,Indian Airlines/ Priya Cinema,28.5586823,77.158099
6853682648,Rama Krishna Puram Sector 3,28.5579628,77.1824178
6853682653,Vasant Vihar near Priya Cinema,28.554798,77.1645319
6853682658,Vasant Vihar F-Block,28.5603644,77.1608012
6853682659,Modern School Vasant Vihar F-Block,28.5600556,77.1572015
6853682664,Unnamed Stop,28.5612073,77.1677704
6853682666,Indian Airlines/ Priya Cinema,28.558553,77.1581032
6853682668,Modern School Vasant Vihar F Block,28.5600411,77.1573259
6853682672,Rama Krishna Puram Sector 3,28.5566664,77.1843314
6853682682,Vasant Vihar near Priya Cinema,28.5548266,77.1647463
6853682684,Unnamed Stop,28.5610845,77.1678271
6853697492,Rama Krishna Puram Sector 4 (FPA India),28.5617106,77.1807649
6854465821,Humayun Road,28.6031927,77.2271061
6854465827,Humayun Road,28.6033246,77.2272214
6869787551,Hasanpur Depot,28.6358948,77.3080768
6870050018,Mayur Vihar,28.6131071,77.2957221
6872116097,Kalyanpuri,28.6147613,77.3193159
6872116099,Unnamed Stop,28.6209215,77.3208199
6872116100,Unnamed Stop,28.6228558,77.320074
6872614930,Nizamuddin Railway Station,28.5862839,77.2534326
6886404432,Saint Stephen's Hospital,28.6673564,77.2150015
6900268785,57 to Agra,28.5849775,77.258993
6911979913,Sultanpur,28.4983229,77.1596888
6912102245,New Manglapuri,28.5016212,77.1663523
6912102248,Ghitorni,28.4962154,77.1540386
6912102251,Sultanpur,28.4985863,77.1594085
6912102266,Chhattarpur Crossing,28.5051811,77.1738336
6919601027,New Delhi Railway Station Gate Number 2,28.6421646,77.2237403
6930089781,Khalsa College,28.6552424,77.1880768
6930119561,Jhandewalan,28.6471012,77.2039257
6930479845,Vinay Marg,28.5863987,77.1936964
6932055856,COD (Ring Road),28.6129255,77.1366918
6932055859,Unnamed Stop,28.6072862,77.1408199
6932055862,RR Lines,28.6038914,77.1550798
6961319384,RK Khanna Tennis Stadium,28.5579407,77.1871602
6961335186,Vasant Kunj B 8 and 9,28.5288156,77.1576149
6961366604,"Munirka, Vasant Vihar Depot",28.5594178,77.170883
6961442956,Palika Club,28.5863293,77.1934083
6964723339,Unnamed Stop,28.5389888,77.2535935
6966567734,Lady Shriram College,28.5589656,77.2373635
6989022856,New Delhi Railway Station Gate Number 2,28.6430762,77.2237862
6993567621,Badarpur Border,28.4904999,77.3040379
6993567622,Punjabi Bagh Club,28.6637776,77.1307799
6993567640,Unnamed Stop,28.6865441,77.150985
7001106960,Nehru Place,28.5482489,77.2493182
7009786355,Unnamed Stop,28.6825593,77.1470502
7013386734,Shopping Center - Nelson Mandela Marg,28.5393044,77.1560695
7019144404,Jal Vihar Terminal,28.5783389,77.2458185
7019144405,Sujan Singh Park,28.5992612,77.2285545
7019144406,Jal Vihar Terminal,28.5783413,77.2459245
7031023364,Shopping Center,28.5414982,77.1565616
7062645321,Bharti Nagar,28.5967192,77.2287497
7062680766,DPS School (near Neela Gumbad),28.5931494,77.2422179
7083626595,Akbar Road,28.6105364,77.2262121
7083740148,Unnamed Stop,28.5869437,77.2407673
7083796925,CGO Complex,28.5869437,77.2407673
7083796926,CGO Complex,28.5867456,77.2410982
7084001894,Shivaji Park,28.6387092,77.2241645
7089503509,Old Delhi Railway Station,28.659786,77.2314043
7089503510,Old Delhi Railway Station,28.6602191,77.2318751
7090233984,Hamdard Library,28.5171606,77.2533658
7104700251,New Delhi Railway Station Gate Number 2,28.6417809,77.223567
7108608607,Delhi Police Apartments,28.6092948,77.2861948
7116238187,Kendriya Terminal,28.619499,77.2060548
7116293271,"E Block, Sector 7",28.5692668,77.1647632
7116293272,"E Block, Sector 7",28.5694644,77.1646629
7150717312,RK Puram Sector 8,28.5719303,77.1697076
7150717319,RK Puram Sector 8,28.5719707,77.1697957
7154453335,Lodhi Colony Market,28.584501,77.2233692
7171446389,PWD Office,28.6045084,77.2695703
7178502415,Nauroji Nagar,28.5693526,77.1955499
7187288399,RK Puram Sector 1 and 4,28.5631083,77.1799568
7193161794,Defence Colony,28.5728097,77.2372017
7208590439,East Vinod Nagar,28.6231914,77.3038596
7208590452,Temporary,28.6219236,77.3000741
7214263631,East Vinod Nagar Depot,28.621334,77.3007121
7214263642,East Vinod Nagar,28.620324,77.2976956
7214263668,"J Block, East Vinod Nagar",28.6220989,77.3029929
7242471572,ITO,28.6298047,77.2465966
7242562923,GGS Indraprastha University,28.6652964,77.2301258
7242688999,Gandhi Darshan,28.6367101,77.2473038
7242689000,Unnamed Stop,28.6397996,77.2436181
7242710694,Akshardham,28.6178128,77.2803207
7242710695,Akshardham,28.6177116,77.2803852
7242732172,Temporary Stop,28.6070995,77.287359
7253664075,Mayur Place,28.593176,77.2938666
7254675698,Hindon Regulator,28.5846442,77.3003653
7265711594,Palika Kutumb,28.6077034,77.1891709
7266045731,Rajghat Power House,28.6376719,77.2526235
7266045739,Rajghat Power House,28.6376192,77.2527797
7266359653,ITO,28.6295212,77.2478961
7267338504,Aakashwani Bhawan,28.6206385,77.2097844
7267338505,Krishi Bhawan,28.6175164,77.2132565
7274125630,Gole Market,28.6317184,77.2052202
7274178393,Gole Market,28.6352546,77.2054707
7274178397,Ramakrishna Ashram Marg,28.6374398,77.2070202
7274257106,Sucheta Kriplani Hospital,28.6363139,77.2139925
7274676323,Shivaji Stadium,28.6329963,77.2155216
7277245329,Munirka,28.5591287,77.1739849
7513399417,Mehrauli Terminal,28.5226598,77.1823494
7612915567,Africa Avenue,28.5691724,77.1910484
7612997494,Vasant Lok,28.5602085,77.1639443
7648701462,Vasant Lok,28.5603685,77.16387
7655631092,Pragati Vihar,28.5876702,77.2292692
7655631102,Bharti Nagar,28.5967374,77.2284699
8889306935,Mayur Place,28.5918075,77.2953884
9037266608,Kamala Market (Bara Akhara),28.6433998,77.2257582
9037354778,Unnamed Stop,28.6412114,77.23489
9048226053,Rajghat/Gandhi Darshan,28.6386903,77.2514958
9048226054,Zakir Hussain College,28.6411417,77.2296376
9048226057,Lok Nayak Hospital,28.6400057,77.2360353
9048339568,Unnamed Stop,28.6418101,77.2330123
9078810051,GPO,28.6620633,77.2348441
9100403716,Mori Gate,28.6665693,77.2259863
9100421317,Mori Gate,28.6665781,77.2261183
9100544970,Lal Quila,28.6577272,77.237025
9103577590,Gandhi Darshan,28.6367124,77.2466393
9105398603,Dena Apartment,28.7222787,77.1328086
9110637284,Somerville School,28.6036638,77.3196024
9110637289,Somerville School,28.6036125,77.3197107
9157682989,Purani Dilli Railway Station,28.6600901,77.2262499
9182102063,Palika Kendra,28.6265795,77.2134998
9182102064,YMCA,28.6264244,77.2126265
9238945364,Trilokpuri 13 Block,28.6127672,77.3076099
9542979260,Panchkuian Road,28.6403329,77.2069285
9542979291,Shadipur Depot,28.6535111,77.1553825
9544997471,Punjabi Bagh West,28.6726452,77.1471018
9544997483,Unnamed Stop,28.6494226,77.1982764
9544997485,Jhandewalan,28.6468296,77.2040751
9544997486,Police Station Paharganj,28.6459111,77.2082041
9544997487,Unnamed Stop,28.640117,77.2082193
9648212739,Krishna Nagar Metro Station,28.658435,77.289855
9776564468,Gurdwara Rakab Ganj,28.6209463,77.2073007
9776564470,Palika Kutumb,28.6075597,77.1886459
9852917918,Bentex,28.6442369,77.1476654
9868221235,Laxmi Holidays pickup,28.6710952,77.2261106
9870250553,Mundhela Khurd,28.6173592,76.892738
10012619465,Lodhi Garden,28.5903447,77.2202923
10012737457,Rabindra Nagar,28.5984825,77.2249929
10221267679,Humayun Road,28.6028438,77.2278258
10733762920,Main-Saint Gertrude,33.7195256,-117.8678564
10733762928,Halladay-Central,33.7136367,-117.8592011
10733763097,Warner-Halladay,33.7161051,-117.8600815
10733763167,Halladay-Dyer,33.7089466,-117.8596226
10733763171,Warner-Halladay,33.7158955,-117.8595982
10733763474,Main-Warner,33.71673,-117.8678172
10733763484,Halladay-Emmett,33.7117286,-117.8593632
10733763654,Warner-Standard,33.7160398,-117.8569943
10733763720,Halladay-Goetz,33.7118413,-117.8595741
10733763724,Warner-Maple,33.7159707,-117.8632323
10733764024,Main-Central,33.7137242,-117.8678698
10733764033,Halladay-Dyer,33.7090948,-117.8593786
10733764259,Halladay-Central,33.7140939,-117.8594355
10733764263,Warner-Main,33.7159421,-117.8674686
10733764562,Main-Dyer,33.7090854,-117.8678564
10733764796,Main-Saint Andrew,33.7222831,-117.8677726
10733764805,Halladay-Warner,33.7156902,-117.8594161
10733764979,Warner-Maple,33.7161061,-117.8640221
10733765028,Standard-Saint Andrew,33.7220536,-117.8566347
10750191801,Unnamed Stop,28.5422514,77.157201
10750253402,Unnamed Stop,28.5309732,77.149455
10815867619,Kirorimal College,28.6833775,77.20856
10815867620,Kirorimal College,28.6837487,77.2076634
10815867643,Ramjas College,28.6868441,77.2065872
10815867652,Khalsa College,28.6947393,77.2097482
10815867653,Guru Tegh Bahadur Marg,28.6962509,77.2105488
10816761400,Police Station Sabzi Mandi,28.6691458,77.2079511
10816807221,Gully Dak Khana,28.6738301,77.2072457
10816807228,Malka Ganj,28.6774863,77.2078843
10816807229,Malka Ganj,28.6775155,77.2077605
10857919908,Unnamed Stop,28.5903916,77.1565088
10857919909,Bapu Dham,28.599345,77.1760257
10857919910,Sardar Patel Marg,28.5972588,77.1714812
10857919911,Bapu Dham,28.5992123,77.1751436
10857919912,Railway Colony,28.6007677,77.1786526
10857919913,Unnamed Stop,28.5909474,77.1591254
10857919914,Railway Colony,28.6006734,77.1779417
11132259205,Batra Cinema,28.7113911,77.2151015
11143165114,I-block,28.579461,77.1929698
11191168637,LAMPUR,28.852286,77.0658502
11242942290,BBM Depot,28.7043414,77.2110348
11242951122,Sewa Kutir,28.7021473,77.2096512
11242951704,Hakikat Nagar,28.698989,77.2080659
11242960057,Sewa Kutir,28.7027163,77.209734
11255312251,Pant Nagar,28.5841191,77.2405666
11260274526,Pant nagar,28.5834391,77.2405194
11265917288,Unnamed Stop,28.5498441,77.2038453
11698602001,Badli Telephone Exchange,28.7448893,77.1320583
11698616625,Rohini DTC Depot 4,28.7449025,77.1305025
11698643125,Shahbad Dairy,28.7436709,77.1270451
11710618569,Flixbus to Rishikes,28.6669946,77.2279158
11726428655,Old Delhi Railway Station,28.6603448,77.2272057
11726447699,Old Delhi Railway Station,28.6602652,77.2298487
11738836533,Geeta Ashram Sadar Bazar,28.5922137,77.1209742
11747659570,Shaheed Baghat Singh Marg,28.6332022,77.2122907
11750669467,St. Martin's School,28.5965164,77.145952
11750669468,St. Martin's School,28.5966957,77.145859
11752588501,Golf Club,28.5940128,77.1559044
11752588502,Golf Club,28.5936836,77.1560915
11752639800,More Lines,28.583125,77.1174069
11752639801,More Lines,28.583259,77.1174806
11752639802,Kabul Line,28.5976991,77.1292543
11758162011,Srinagesh Garden,28.5966635,77.1407855
11758212261,Tigris Road Junction,28.5895524,77.1286115
11758285828,Gully Dak Khana,28.6738317,77.2071284
11758293945,Police Station Paharganj,28.6461197,77.2084708
11758302616,Guru Govind Singh Marg More,28.6531973,77.2023515
11758302617,Faiz Road,28.6494367,77.1997283
11758308001,Police Station Sabzi Mandi,28.6693943,77.2075388
11758310775,Azad Market,28.6633089,77.2070899
11758363270,Hansraj College,28.6785425,77.2090092
11758390166,Ramjas College,28.6866978,77.2066771
11765176107,Model Basti,28.6572566,77.2035524
11773279309,Kirby Place,28.6048551,77.1283102
11778249068,Talkatora Stadium,28.621131,77.1936359
11778257669,R.M.L. Hospital,28.62268,77.1965453
11778257670,R.M.L. Hospital,28.6224132,77.1967058
11778280019,Karol Bagh Terminal,28.648076,77.2012538
11778326291,Chitragupta Road,28.6437678,77.2090482
11778326292,Police Station Paharganj,28.6459417,77.2080495
11778344366,Hansraj College,28.6785719,77.2098379
11778344679,Shriram Institue,28.6813775,77.2123236
11778344681,Shriram Institue,28.6795362,77.2117569
11778353734,Kalavati Hospital,28.6381597,77.2107523
11779750785,Unnamed Stop,28.6676684,77.2108341
11786839225,Ludlow Castle,28.6724118,77.2260174
11786839226,Ludlow Castle,28.6723647,77.2257905
11786886124,Civil Lines Metro Station,28.6767184,77.2250249
11792835530,Guru Govind Singh Marg More,28.6541315,77.2030364
11792866471,Unnamed Stop,28.6600605,77.2030035
11792937575,Talkatora Garden,28.6209531,77.1938306
11792940416,Unnamed Stop,28.6109034,77.1907244
11806627434,Unnamed Stop,28.6551691,77.2045835
11823656858,Minto Road,28.6413659,77.226188
11872972486,Kashmere Gate 5,28.6694161,77.2281559
11949734333,More Lines,28.5831702,77.1164785
11949799383,Jhori Mal International School,28.5959339,77.069221
11971299288,Maurice Nagar 2,28.6866119,77.2058002
11971299289,Maurice Nagar 2,28.6865125,77.2055219
11982168862,E.S.I WATER TANK,28.6665573,77.304601
11982168863,E S.I HOSPITAL WATER TANK,28.6668307,77.3047104
11982196907,ESI HOSPITAL,28.6664988,77.3095545
11982201441,E.S.I HOSPITAL,28.6659987,77.3108135
11982446645,G.T.B Hospital,28.6836831,77.3113653
11998758437,Sarojini Nagar Market,28.5797589,77.1967413
12000320145,Panchsheel Enclave,28.5429991,77.231083
12000546949,Government Senior Secondary School,28.6326941,77.2318652
12000546950,Government Senior Secondary School,28.632617,77.2315877
12005322574,Nangal Raya,28.6128752,77.1096723
12011705389,Unnamed Stop,28.6003549,77.1397161
12011705464,Base Hospital,28.6067578,77.1371695
12022496645,Police Colony Mehram Magar,28.5628101,77.1268659
12022568494,Unnamed Stop,28.5722328,77.1798236
12039057570,Unnamed Stop,28.5783143,76.9558218
12196467720,Patel Chest,28.6923386,77.2085871
12196467729,Patel Chest,28.6924298,77.2084385
12206943358,Satyam / Doctor's Apartment,28.5988074,77.3184899
12206943359,Satyam / Doctor's Apartment,28.5988684,77.3187182
12223606011,Naraina Vihar,28.6272355,77.1341948
12229130484,Kendriya Terminal,28.6213436,77.2064182
12229157386,Dharamshila Hospital,28.6019547,77.3138485
12229157387,Dharamshila Hospital,28.6020428,77.3139299
12236483133,Bus Pickup and Drop-off Point,28.5644518,77.1209602
12237122531,Bungalow Road,28.6843366,77.2034769
12237122745,Kamla Nagar,28.6840174,77.2023556
12237122746,Roop Nagar,28.6842306,77.2023109
12250037004,Police Station Roop Nagar,28.6845971,77.203738
12250037006,Police Station Roop Nagar,28.6847852,77.2037581
12265822045,Kamla Nagar,28.6822265,77.1995795
12265822046,Kripal Bagh,28.6946251,77.1944936
12265822048,Delhi Transport Corporation Colony,28.6909286,77.1927024
12265822049,Kripal Bagh,28.6946061,77.1946958
12265822058,Roop Nagar,28.6823766,77.1994653
12353496795,4th Street @ South Avenue (northbound),37.427687,-120.7657097
12353496796,4th Street @ South Avenue (southbound),37.4281628,-120.7658055
12353496797,4th @ El Capitan (southbound),37.432517,-120.7750603
12353496798,4th @ El Capitan (northbound),37.4336851,-120.7760653
12353573204,Stephens Street @ Acacia Street (northbound),37.4306987,-120.7767509
12353573205,Stephens Street @ Acacia Street (southbound),37.4309085,-120.7772324
12353573209,Schendel Avenue @ Mimosa Avenue (eastbound),37.4267232,-120.7840798
12353573210,Schendel Avenue @ Mimosa Avenue (westbound),37.4268521,-120.7846097
12353573238,Schendel Avenue @ Driftwood Avenue/ Delhi High School (Westbound),37.426911,-120.7919146
12353573239,Schendel Avenue @ Driftwood Avenue/ Delhi High School (Eastbound),37.4267892,-120.792358
12353573271,Merced Avenue @ Darren Lane (northbound),37.4306565,-120.7950899
12397227462,बापरोला गांव शिव मंदिर,28.6409343,77.0114144
12409568505,Multi Gym,28.6013816,77.3251415
12409568506,Multi Gym,28.6014247,77.3248977
